Gene,Strain,Gene_Name,p_val_LRT,FDR_LRT,seed_ortholog,evalue,score,eggNOG_OGs,COG_category,Description,Preferred_name,GOs,KEGG_ko,KEGG_Pathway,KEGG_Module,KEGG_Reaction,BRITE,PFAMs
OG0003224,GIFTW,LOC100697711,0.00908003770840025,0.186774222965106,8128.ENSONIP00000002652,6.469999999999999e-196,544,"2CXZ6@1|root,2S0VM@2759|Eukaryota,3A2Z3@33154|Opisthokonta,3BQPV@33208|Metazoa,3D7J0@33213|Bilateria,48EYU@7711|Chordata,49C1Q@7742|Vertebrata,4A3QJ@7898|Actinopterygii",S,Interferon-induced protein 44-like,-,-,-,-,-,-,-,MMR_HSR1
OG0004058,GIFTW,LOC109202271,0.0416206586152089,0.277471057434726,8010.XP_010867535.1,1.21e-13,81.3,"2E05S@1|root,2QPKT@2759|Eukaryota,39IK3@33154|Opisthokonta,3BART@33208|Metazoa,3D0ET@33213|Bilateria,4870J@7711|Chordata,48WAS@7742|Vertebrata,4A7IB@7898|Actinopterygii",T,Immunoglobulin V-set domain,PIGR,"GO:0000323,GO:0001580,GO:0001775,GO:0001792,GO:0002251,GO:0002252,GO:0002263,GO:0002274,GO:0002275,GO:0002283,GO:0002366,GO:0002376,GO:0002385,GO:0002386,GO:0002414,GO:0002415,GO:0002443,GO:0002444,GO:0002446,GO:0002682,GO:0002764,GO:0002768,GO:0003008,GO:0003674,GO:0004888,GO:0005102,GO:0005154,GO:0005488,GO:0005515,GO:0005575,GO:0005576,GO:0005615,GO:0005622,GO:0005623,GO:0005737,GO:0005764,GO:0005765,GO:0005766,GO:0005768,GO:0005773,GO:0005774,GO:0005886,GO:0005887,GO:0006810,GO:0006887,GO:0006955,GO:0007154,GO:0007165,GO:0007166,GO:0007167,GO:0007169,GO:0007173,GO:0007600,GO:0007606,GO:0008104,GO:0008150,GO:0009593,GO:0009987,GO:0010008,GO:0012505,GO:0012506,GO:0016020,GO:0016021,GO:0016192,GO:0019763,GO:0023052,GO:0030133,GO:0030141,GO:0030659,GO:0030667,GO:0031090,GO:0031224,GO:0031226,GO:0031410,GO:0031982,GO:0032501,GO:0032940,GO:0032991,GO:0033036,GO:0034613,GO:0035577,GO:0036230,GO:0038023,GO:0038093,GO:0038127,GO:0042119,GO:0042221,GO:0042582,GO:0043113,GO:0043226,GO:0043227,GO:0043229,GO:0043231,GO:0043235,GO:0043299,GO:0043312,GO:0044421,GO:0044422,GO:0044424,GO:0044425,GO:0044433,GO:0044437,GO:0044440,GO:0044444,GO:0044446,GO:0044459,GO:0044464,GO:0045055,GO:0045056,GO:0045321,GO:0046903,GO:0048583,GO:0050776,GO:0050789,GO:0050794,GO:0050877,GO:0050896,GO:0050906,GO:0050907,GO:0050909,GO:0050912,GO:0050913,GO:0051179,GO:0051234,GO:0051606,GO:0051641,GO:0051668,GO:0051716,GO:0055037,GO:0055038,GO:0060089,GO:0065007,GO:0070727,GO:0070851,GO:0071944,GO:0072657,GO:0097708,GO:0098588,GO:0098805,GO:0098852,GO:0099503",ko:K13073,"ko04672,map04672",-,-,"ko00000,ko00001,ko04147",V-set
OG0004106,GIFTW,kif5ab,0.0150598388642274,0.200328073182781,106582.XP_004547753.1,0,1933,"COG5059@1|root,KOG0240@2759|Eukaryota,38BVM@33154|Opisthokonta,3BA44@33208|Metazoa,3CTF6@33213|Bilateria,47ZU7@7711|Chordata,4972B@7742|Vertebrata",Z,Belongs to the TRAFAC class myosin-kinesin ATPase superfamily. Kinesin family,KIF5A,"GO:0000003,GO:0000226,GO:0000280,GO:0000578,GO:0000902,GO:0000904,GO:0000910,GO:0000932,GO:0001654,GO:0001754,GO:0002064,GO:0002065,GO:0002066,GO:0002376,GO:0002478,GO:0002495,GO:0002504,GO:0003002,GO:0003006,GO:0003674,GO:0003774,GO:0003777,GO:0003824,GO:0005488,GO:0005515,GO:0005523,GO:0005575,GO:0005622,GO:0005623,GO:0005634,GO:0005635,GO:0005737,GO:0005829,GO:0005856,GO:0005871,GO:0005874,GO:0005875,GO:0005929,GO:0005938,GO:0006325,GO:0006342,GO:0006355,GO:0006403,GO:0006810,GO:0006890,GO:0006928,GO:0006935,GO:0006996,GO:0007005,GO:0007010,GO:0007015,GO:0007017,GO:0007018,GO:0007028,GO:0007049,GO:0007097,GO:0007098,GO:0007143,GO:0007154,GO:0007163,GO:0007267,GO:0007268,GO:0007275,GO:0007276,GO:0007281,GO:0007292,GO:0007300,GO:0007303,GO:0007304,GO:0007306,GO:0007308,GO:0007309,GO:0007310,GO:0007314,GO:0007315,GO:0007316,GO:0007317,GO:0007350,GO:0007351,GO:0007389,GO:0007399,GO:0007409,GO:0007411,GO:0007417,GO:0007420,GO:0007423,GO:0007517,GO:0007519,GO:0007610,GO:0007626,GO:0008017,GO:0008088,GO:0008089,GO:0008090,GO:0008092,GO:0008103,GO:0008104,GO:0008150,GO:0008298,GO:0008345,GO:0008358,GO:0008574,GO:0008595,GO:0009605,GO:0009636,GO:0009653,GO:0009719,GO:0009790,GO:0009792,GO:0009798,GO:0009880,GO:0009887,GO:0009888,GO:0009889,GO:0009890,GO:0009892,GO:0009948,GO:0009950,GO:0009952,GO:0009953,GO:0009987,GO:0009994,GO:0010033,GO:0010468,GO:0010556,GO:0010558,GO:0010605,GO:0010629,GO:0010769,GO:0010927,GO:0010939,GO:0010940,GO:0010941,GO:0010942,GO:0010970,GO:0010975,GO:0012505,GO:0014070,GO:0014706,GO:0014902,GO:0014904,GO:0015629,GO:0015630,GO:0015631,GO:0016043,GO:0016192,GO:0016325,GO:0016358,GO:0016458,GO:0016462,GO:0016482,GO:0016787,GO:0016817,GO:0016818,GO:0016887,GO:0016938,GO:0017085,GO:0017111,GO:0019094,GO:0019219,GO:0019222,GO:0019882,GO:0019884,GO:0019886,GO:0019894,GO:0019896,GO:0019953,GO:0021536,GO:0021537,GO:0021543,GO:0021700,GO:0021761,GO:0021766,GO:0021794,GO:0021987,GO:0022008,GO:0022402,GO:0022411,GO:0022412,GO:0022414,GO:0022603,GO:0022604,GO:0022607,GO:0023052,GO:0030010,GO:0030029,GO:0030030,GO:0030036,GO:0030154,GO:0030182,GO:0030424,GO:0030425,GO:0030426,GO:0030427,GO:0030473,GO:0030478,GO:0030537,GO:0030703,GO:0030705,GO:0030707,GO:0030855,GO:0030863,GO:0030864,GO:0030900,GO:0030951,GO:0030952,GO:0031023,GO:0031109,GO:0031175,GO:0031323,GO:0031324,GO:0031326,GO:0031327,GO:0031344,GO:0031503,GO:0031967,GO:0031975,GO:0032252,GO:0032253,GO:0032501,GO:0032502,GO:0032504,GO:0032838,GO:0032879,GO:0032984,GO:0032988,GO:0032989,GO:0032990,GO:0032991,GO:0033036,GO:0033206,GO:0033267,GO:0034401,GO:0034622,GO:0034643,GO:0035253,GO:0035282,GO:0035371,GO:0035617,GO:0035690,GO:0035770,GO:0036464,GO:0036477,GO:0040011,GO:0040029,GO:0040038,GO:0042221,GO:0042330,GO:0042493,GO:0042623,GO:0042692,GO:0042995,GO:0043005,GO:0043025,GO:0043204,GO:0043226,GO:0043227,GO:0043228,GO:0043229,GO:0043231,GO:0043232,GO:0043900,GO:0043933,GO:0044085,GO:0044087,GO:0044297,GO:0044422,GO:0044424,GO:0044428,GO:0044430,GO:0044441,GO:0044444,GO:0044446,GO:0044448,GO:0044463,GO:0044464,GO:0044703,GO:0044877,GO:0045202,GO:0045451,GO:0045471,GO:0045595,GO:0045664,GO:0045814,GO:0045892,GO:0045934,GO:0045995,GO:0046530,GO:0046677,GO:0046785,GO:0046843,GO:0046907,GO:0047496,GO:0047497,GO:0048002,GO:0048193,GO:0048285,GO:0048311,GO:0048312,GO:0048468,GO:0048469,GO:0048471,GO:0048477,GO:0048489,GO:0048513,GO:0048518,GO:0048519,GO:0048522,GO:0048523,GO:0048592,GO:0048599,GO:0048609,GO:0048646,GO:0048666,GO:0048667,GO:0048699,GO:0048731,GO:0048741,GO:0048747,GO:0048812,GO:0048813,GO:0048814,GO:0048856,GO:0048858,GO:0048869,GO:0050767,GO:0050773,GO:0050789,GO:0050793,GO:0050794,GO:0050896,GO:0051012,GO:0051128,GO:0051146,GO:0051171,GO:0051172,GO:0051179,GO:0051234,GO:0051239,GO:0051252,GO:0051253,GO:0051258,GO:0051276,GO:0051293,GO:0051294,GO:0051295,GO:0051296,GO:0051299,GO:0051301,GO:0051321,GO:0051640,GO:0051641,GO:0051646,GO:0051647,GO:0051648,GO:0051649,GO:0051650,GO:0051653,GO:0051654,GO:0051656,GO:0051668,GO:0051704,GO:0051716,GO:0051960,GO:0055001,GO:0055002,GO:0060255,GO:0060281,GO:0060284,GO:0060322,GO:0060341,GO:0060429,GO:0060537,GO:0060538,GO:0060810,GO:0060811,GO:0061061,GO:0061564,GO:0061572,GO:0061640,GO:0065003,GO:0065007,GO:0070727,GO:0070828,GO:0070848,GO:0070868,GO:0070887,GO:0071236,GO:0071310,GO:0071361,GO:0071363,GO:0071495,GO:0071826,GO:0071840,GO:0071944,GO:0072384,GO:0080090,GO:0090596,GO:0090723,GO:0090724,GO:0097110,GO:0097120,GO:0097237,GO:0097305,GO:0097306,GO:0097327,GO:0097435,GO:0097440,GO:0097447,GO:0097458,GO:0097479,GO:0097480,GO:0097485,GO:0097549,GO:0098916,GO:0098930,GO:0098935,GO:0098937,GO:0098957,GO:0098971,GO:0099003,GO:0099080,GO:0099081,GO:0099111,GO:0099512,GO:0099513,GO:0099518,GO:0099519,GO:0099536,GO:0099537,GO:0099568,GO:0120025,GO:0120035,GO:0120036,GO:0120038,GO:0120039,GO:0120111,GO:0140013,GO:0150034,GO:1901654,GO:1901700,GO:1901701,GO:1901950,GO:1902679,GO:1902875,GO:1903008,GO:1903046,GO:1903429,GO:1903506,GO:1903507,GO:1904115,GO:1904580,GO:1904647,GO:1905879,GO:1990049,GO:1990089,GO:1990090,GO:1990752,GO:1990904,GO:1990939,GO:2000026,GO:2000112,GO:2000113,GO:2000241,GO:2001141",ko:K10396,"ko04144,ko04728,map04144,map04728",-,-,"ko00000,ko00001,ko04131,ko04147,ko04812",Kinesin
OG0004223,GIFTW,phc2b,0.0265710688022148,0.212568550417718,32507.XP_006782933.1,0,1390,"28JS2@1|root,2QS5Q@2759|Eukaryota,38GRY@33154|Opisthokonta,3BACB@33208|Metazoa,3CSXV@33213|Bilateria,4877X@7711|Chordata,4922H@7742|Vertebrata,49X13@7898|Actinopterygii",S,Polyhomeotic-like,PHC2,"GO:0000003,GO:0000070,GO:0000151,GO:0000152,GO:0000278,GO:0000280,GO:0000785,GO:0000792,GO:0000819,GO:0000902,GO:0000904,GO:0002009,GO:0002064,GO:0002065,GO:0002066,GO:0003006,GO:0003674,GO:0003682,GO:0005488,GO:0005515,GO:0005575,GO:0005622,GO:0005623,GO:0005634,GO:0005654,GO:0005694,GO:0005730,GO:0006325,GO:0006342,GO:0006355,GO:0006996,GO:0007049,GO:0007059,GO:0007275,GO:0007276,GO:0007281,GO:0007283,GO:0007292,GO:0007293,GO:0007399,GO:0007417,GO:0008150,GO:0009653,GO:0009719,GO:0009725,GO:0009790,GO:0009888,GO:0009889,GO:0009890,GO:0009892,GO:0009987,GO:0010033,GO:0010468,GO:0010556,GO:0010558,GO:0010605,GO:0010629,GO:0014070,GO:0016043,GO:0016333,GO:0016458,GO:0019219,GO:0019222,GO:0019899,GO:0019953,GO:0021953,GO:0021954,GO:0022008,GO:0022402,GO:0022412,GO:0022414,GO:0030154,GO:0030182,GO:0030707,GO:0030708,GO:0030713,GO:0030855,GO:0031323,GO:0031324,GO:0031326,GO:0031327,GO:0031519,GO:0031974,GO:0031981,GO:0032501,GO:0032502,GO:0032504,GO:0032989,GO:0032991,GO:0033301,GO:0033993,GO:0035075,GO:0035102,GO:0035186,GO:0036314,GO:0040029,GO:0042221,GO:0042802,GO:0043226,GO:0043227,GO:0043228,GO:0043229,GO:0043231,GO:0043232,GO:0043233,GO:0044422,GO:0044424,GO:0044427,GO:0044428,GO:0044446,GO:0044464,GO:0044547,GO:0044703,GO:0045448,GO:0045814,GO:0045892,GO:0045934,GO:0048138,GO:0048139,GO:0048232,GO:0048285,GO:0048468,GO:0048477,GO:0048519,GO:0048523,GO:0048609,GO:0048646,GO:0048666,GO:0048699,GO:0048729,GO:0048731,GO:0048856,GO:0048869,GO:0050789,GO:0050794,GO:0050896,GO:0051087,GO:0051171,GO:0051172,GO:0051252,GO:0051253,GO:0051276,GO:0051704,GO:0060255,GO:0060429,GO:0065007,GO:0070013,GO:0071840,GO:0080090,GO:0097305,GO:0098813,GO:0140014,GO:1901654,GO:1901700,GO:1902494,GO:1902679,GO:1903047,GO:1903506,GO:1903507,GO:1990234,GO:2000112,GO:2000113,GO:2001141","ko:K11456,ko:K11457",-,-,-,"ko00000,ko03036","PHC2_SAM_assoc,SAM_1"
OG0005956,GIFTW,acox1,0.0334286196927844,0.243117234129341,8128.ENSONIP00000022997,0,1312,"COG1960@1|root,KOG0136@2759|Eukaryota,38BTU@33154|Opisthokonta,3BATK@33208|Metazoa,3CV9T@33213|Bilateria,48AZK@7711|Chordata,48V4I@7742|Vertebrata,49ZRG@7898|Actinopterygii",I,acyl-Coenzyme A oxidase,ACOX1,"GO:0000003,GO:0000038,GO:0000166,GO:0001676,GO:0003674,GO:0003824,GO:0003995,GO:0003997,GO:0005102,GO:0005488,GO:0005504,GO:0005515,GO:0005575,GO:0005622,GO:0005623,GO:0005634,GO:0005654,GO:0005730,GO:0005737,GO:0005777,GO:0005778,GO:0005782,GO:0005829,GO:0005886,GO:0006082,GO:0006091,GO:0006605,GO:0006625,GO:0006629,GO:0006631,GO:0006635,GO:0006690,GO:0006692,GO:0006693,GO:0006810,GO:0006886,GO:0006996,GO:0007031,GO:0007276,GO:0007283,GO:0008104,GO:0008150,GO:0008152,GO:0008289,GO:0009056,GO:0009058,GO:0009062,GO:0009987,GO:0010817,GO:0015031,GO:0015833,GO:0016020,GO:0016042,GO:0016043,GO:0016054,GO:0016137,GO:0016138,GO:0016401,GO:0016491,GO:0016559,GO:0016627,GO:0016634,GO:0017144,GO:0019216,GO:0019222,GO:0019395,GO:0019748,GO:0019752,GO:0019904,GO:0019953,GO:0022414,GO:0030165,GO:0030258,GO:0031090,GO:0031406,GO:0031903,GO:0031907,GO:0031974,GO:0031981,GO:0032501,GO:0032504,GO:0032787,GO:0033036,GO:0033293,GO:0033365,GO:0033539,GO:0033540,GO:0033559,GO:0034440,GO:0034613,GO:0036094,GO:0036109,GO:0042445,GO:0042446,GO:0042579,GO:0042592,GO:0042632,GO:0042802,GO:0042803,GO:0042810,GO:0042811,GO:0042886,GO:0043167,GO:0043168,GO:0043177,GO:0043226,GO:0043227,GO:0043228,GO:0043229,GO:0043231,GO:0043232,GO:0043233,GO:0043436,GO:0043574,GO:0044237,GO:0044238,GO:0044242,GO:0044248,GO:0044249,GO:0044255,GO:0044281,GO:0044282,GO:0044422,GO:0044424,GO:0044428,GO:0044438,GO:0044439,GO:0044444,GO:0044446,GO:0044464,GO:0044550,GO:0044703,GO:0045184,GO:0046395,GO:0046907,GO:0046983,GO:0047485,GO:0048037,GO:0048232,GO:0048285,GO:0048609,GO:0048878,GO:0050660,GO:0050662,GO:0050789,GO:0051179,GO:0051234,GO:0051641,GO:0051649,GO:0051704,GO:0055088,GO:0055092,GO:0055114,GO:0065007,GO:0065008,GO:0070013,GO:0070727,GO:0071702,GO:0071704,GO:0071705,GO:0071840,GO:0071944,GO:0071949,GO:0072329,GO:0072594,GO:0072662,GO:0072663,GO:0080090,GO:0097159,GO:0098588,GO:0098805,GO:1901135,GO:1901137,GO:1901265,GO:1901363,GO:1901568,GO:1901575,GO:1901576,GO:1901657,GO:1901659,GO:1904069,GO:1904070",ko:K00232,"ko00071,ko00592,ko01040,ko01100,ko01110,ko01212,ko03320,ko04024,ko04146,map00071,map00592,map01040,map01100,map01110,map01212,map03320,map04024,map04146","M00087,M00113","R01175,R01279,R03777,R03857,R03990,R04751,R04754,R07888,R07892,R07896,R07934,R07950","ko00000,ko00001,ko00002,ko01000","ACOX,Acyl-CoA_dh_1,Acyl-CoA_dh_M,Acyl-CoA_ox_N"
OG0006312,GIFTW,LOC100693082,0.0259863328301925,0.212568550417718,8128.ENSONIP00000004305,0,1110,"COG0534@1|root,KOG1347@2759|Eukaryota,38BY6@33154|Opisthokonta,3BDBR@33208|Metazoa,3CS2M@33213|Bilateria,482BP@7711|Chordata,494GK@7742|Vertebrata,49Z32@7898|Actinopterygii",V,Multidrug and toxin extrusion protein,SLC47A2,"GO:0003674,GO:0005215,GO:0005451,GO:0005575,GO:0005623,GO:0005886,GO:0006810,GO:0006811,GO:0006812,GO:0006855,GO:0008150,GO:0008324,GO:0015075,GO:0015077,GO:0015078,GO:0015238,GO:0015291,GO:0015297,GO:0015298,GO:0015299,GO:0015307,GO:0015318,GO:0015491,GO:0015672,GO:0015695,GO:0015893,GO:0016020,GO:0022804,GO:0022857,GO:0022890,GO:0031982,GO:0034220,GO:0042221,GO:0042493,GO:0043226,GO:0043227,GO:0044464,GO:0046618,GO:0050896,GO:0051179,GO:0051234,GO:0055085,GO:0071702,GO:0071944,GO:0098655,GO:0098660,GO:0098662,GO:0099516,GO:1902600",ko:K03327,-,-,-,"ko00000,ko02000",MatE
OG0006583,GIFTW,spata2l,0.00679268648368766,0.186774222965106,8128.ENSONIP00000013454,0,1011,"2BQ6K@1|root,2S1TH@2759|Eukaryota,39V2M@33154|Opisthokonta,3BKC4@33208|Metazoa,3CXUN@33213|Bilateria,488A7@7711|Chordata,491WG@7742|Vertebrata,4A2Y4@7898|Actinopterygii",S,Spermatogenesis-associated protein 2-like,SPATA2L,-,ko:K17595,"ko04217,map04217",-,-,"ko00000,ko00001,ko01009",-
OG0007083,GIFTW,dnajc21,0.00321221455492603,0.152542426447005,8128.ENSONIP00000009735,0,873,"KOG0717@1|root,KOG0717@2759|Eukaryota,38GN0@33154|Opisthokonta,3BH5Y@33208|Metazoa,3CTFP@33213|Bilateria,486DQ@7711|Chordata,4952Y@7742|Vertebrata,4A0N5@7898|Actinopterygii",O,homolog subfamily C member,DNAJC21,"GO:0005575,GO:0005622,GO:0005623,GO:0005737,GO:0005840,GO:0006457,GO:0008150,GO:0009987,GO:0032991,GO:0043226,GO:0043228,GO:0043229,GO:0043232,GO:0044424,GO:0044444,GO:0044464,GO:1990904",ko:K09506,-,-,-,"ko00000,ko03009,ko03110","DnaJ,zf-C2H2_2,zf-C2H2_jaz"
OG0007486,GIFTW,LOC100692682,0.0126351931973521,0.200328073182781,8128.ENSONIP00000015996,2.76e-127,366,"28IMN@1|root,2QQYK@2759|Eukaryota,394TY@33154|Opisthokonta,3BKE2@33208|Metazoa,3CXHX@33213|Bilateria,48AU2@7711|Chordata,491GS@7742|Vertebrata,49S4J@7898|Actinopterygii",S,Endonuclease domain-containing 1 protein-like,-,-,-,-,-,-,-,Endonuclease_NS
OG0009105,GIFTW,LOC100705115,0.00894558765763273,0.186774222965106,32507.XP_006805833.1,7.6e-26,113,"2CGYC@1|root,2S3MW@2759|Eukaryota,3A4YJ@33154|Opisthokonta,3BS7X@33208|Metazoa,3D3KV@33213|Bilateria,48AKH@7711|Chordata,4914N@7742|Vertebrata,4A40E@7898|Actinopterygii",S,Sarcoplasmic reticulum histidine-rich calcium-binding protein-like,HRC,"GO:0001932,GO:0002027,GO:0003008,GO:0003012,GO:0003674,GO:0005488,GO:0005509,GO:0005515,GO:0005575,GO:0005622,GO:0005623,GO:0005737,GO:0005783,GO:0005788,GO:0006464,GO:0006807,GO:0006873,GO:0006874,GO:0006875,GO:0006936,GO:0006937,GO:0006942,GO:0007154,GO:0007165,GO:0008016,GO:0008150,GO:0008152,GO:0009966,GO:0009987,GO:0010460,GO:0010522,GO:0010646,GO:0010649,GO:0010880,GO:0010881,GO:0010882,GO:0010959,GO:0012505,GO:0016528,GO:0016529,GO:0019220,GO:0019222,GO:0019538,GO:0019722,GO:0019725,GO:0019899,GO:0019932,GO:0022898,GO:0023051,GO:0023052,GO:0030003,GO:0030016,GO:0030017,GO:0030018,GO:0031323,GO:0031399,GO:0031674,GO:0031974,GO:0032268,GO:0032409,GO:0032412,GO:0032501,GO:0032879,GO:0033018,GO:0033135,GO:0034762,GO:0034765,GO:0035556,GO:0036211,GO:0042325,GO:0042592,GO:0043167,GO:0043169,GO:0043170,GO:0043226,GO:0043227,GO:0043228,GO:0043229,GO:0043231,GO:0043232,GO:0043233,GO:0043269,GO:0043292,GO:0043412,GO:0043687,GO:0044057,GO:0044237,GO:0044238,GO:0044260,GO:0044267,GO:0044325,GO:0044422,GO:0044424,GO:0044432,GO:0044444,GO:0044446,GO:0044449,GO:0044464,GO:0045823,GO:0046872,GO:0048518,GO:0048583,GO:0048878,GO:0050789,GO:0050794,GO:0050801,GO:0050848,GO:0050896,GO:0051049,GO:0051117,GO:0051171,GO:0051174,GO:0051239,GO:0051240,GO:0051246,GO:0051279,GO:0051282,GO:0051480,GO:0051481,GO:0051716,GO:0051924,GO:0055065,GO:0055074,GO:0055080,GO:0055082,GO:0055117,GO:0060255,GO:0060314,GO:0060341,GO:0065007,GO:0065008,GO:0065009,GO:0070013,GO:0071704,GO:0072503,GO:0072507,GO:0080090,GO:0090257,GO:0098771,GO:0099080,GO:0099081,GO:0099512,GO:1901019,GO:1901077,GO:1901079,GO:1901564,GO:1901844,GO:1901897,GO:1901899,GO:1902531,GO:1903169,GO:1903522,GO:1903524,GO:1903779,GO:1904062,GO:2001257",-,-,-,-,-,Hist_rich_Ca-bd
OG0010732,GIFTW,LOC100707990,0.0398472685825795,0.277198390139683,8128.ENSONIP00000006200,0,1559,"COG5640@1|root,KOG3627@2759|Eukaryota,38BRI@33154|Opisthokonta,3B9R0@33208|Metazoa,3CTQC@33213|Bilateria,4806U@7711|Chordata,48ZPU@7742|Vertebrata,49PSH@7898|Actinopterygii",W,Belongs to the peptidase S1 family,C2,"GO:0001848,GO:0002250,GO:0002252,GO:0002253,GO:0002376,GO:0002443,GO:0002449,GO:0002455,GO:0002460,GO:0002673,GO:0002682,GO:0002684,GO:0002697,GO:0002920,GO:0003674,GO:0003824,GO:0004175,GO:0004252,GO:0005488,GO:0005515,GO:0005575,GO:0005576,GO:0005615,GO:0005623,GO:0005886,GO:0006508,GO:0006807,GO:0006950,GO:0006952,GO:0006955,GO:0006956,GO:0006957,GO:0006958,GO:0006959,GO:0008150,GO:0008152,GO:0008233,GO:0008236,GO:0008283,GO:0009719,GO:0009725,GO:0010033,GO:0010468,GO:0016020,GO:0016064,GO:0016787,GO:0017171,GO:0019222,GO:0019538,GO:0019724,GO:0030100,GO:0030162,GO:0030449,GO:0031347,GO:0032101,GO:0032879,GO:0042221,GO:0043170,GO:0044238,GO:0044421,GO:0044464,GO:0045087,GO:0045807,GO:0048518,GO:0048522,GO:0048583,GO:0048584,GO:0050727,GO:0050764,GO:0050766,GO:0050776,GO:0050778,GO:0050789,GO:0050794,GO:0050896,GO:0051049,GO:0051050,GO:0051128,GO:0051130,GO:0051171,GO:0051246,GO:0060255,GO:0060627,GO:0065007,GO:0070011,GO:0070613,GO:0071704,GO:0071944,GO:0072376,GO:0080090,GO:0080134,GO:0097066,GO:0140096,GO:1901564,GO:1903317,GO:2000257,GO:2000425,GO:2000427","ko:K01332,ko:K01335","ko04610,ko05133,ko05150,ko05322,map04610,map05133,map05150,map05322",-,-,"ko00000,ko00001,ko01000,ko01002","Sushi,Trypsin,VWA"
OG0012107,GIFTW,LOC102079592,0.00381356066117512,0.152542426447005,32507.XP_006802938.1,1.0899999999999998e-185,520,"2CYK4@1|root,2S4WF@2759|Eukaryota,39V4C@33154|Opisthokonta,3BSPP@33208|Metazoa,3DA6T@33213|Bilateria,48G9M@7711|Chordata,49D5Z@7742|Vertebrata,4A4CA@7898|Actinopterygii",T,"Lymphotoxin beta receptor (TNFR superfamily, member 3)",LTBR,-,"ko:K03159,ko:K03160","ko04060,ko04064,ko04066,ko04514,ko04620,ko04672,ko05144,ko05145,ko05166,ko05169,ko05202,ko05203,ko05310,ko05320,ko05322,ko05330,ko05340,ko05416,map04060,map04064,map04066,map04514,map04620,map04672,map05144,map05145,map05166,map05169,map05202,map05203,map05310,map05320,map05322,map05330,map05340,map05416",-,-,"ko00000,ko00001,ko04050,ko04090,ko04516",TNFR_c6
OG0017570,GIFTW,otc,0.0252054128066557,0.212568550417718,8128.ENSONIP00000017944,4.14e-258,707,"COG0448@1|root,KOG1504@2759|Eukaryota,38CHJ@33154|Opisthokonta,3BA1C@33208|Metazoa,3D2TT@33213|Bilateria,484AT@7711|Chordata,48XI9@7742|Vertebrata,49S4W@7898|Actinopterygii",E,Ornithine carbamoyltransferase,OTC,"GO:0000050,GO:0000052,GO:0001101,GO:0001889,GO:0003674,GO:0003824,GO:0004585,GO:0005488,GO:0005543,GO:0005575,GO:0005622,GO:0005623,GO:0005737,GO:0005739,GO:0005740,GO:0005743,GO:0005759,GO:0006082,GO:0006520,GO:0006525,GO:0006526,GO:0006591,GO:0006593,GO:0006807,GO:0007275,GO:0007494,GO:0007584,GO:0008150,GO:0008152,GO:0008289,GO:0008652,GO:0009056,GO:0009058,GO:0009063,GO:0009064,GO:0009084,GO:0009605,GO:0009719,GO:0009725,GO:0009987,GO:0009991,GO:0010033,GO:0010035,GO:0010038,GO:0010043,GO:0010243,GO:0014070,GO:0016020,GO:0016043,GO:0016053,GO:0016054,GO:0016597,GO:0016740,GO:0016741,GO:0016743,GO:0019240,GO:0019627,GO:0019752,GO:0019866,GO:0022607,GO:0031090,GO:0031406,GO:0031667,GO:0031966,GO:0031967,GO:0031974,GO:0031975,GO:0032501,GO:0032502,GO:0032868,GO:0033273,GO:0034641,GO:0035295,GO:0036094,GO:0042221,GO:0042301,GO:0042450,GO:0042493,GO:0042592,GO:0043167,GO:0043168,GO:0043177,GO:0043226,GO:0043227,GO:0043229,GO:0043231,GO:0043233,GO:0043434,GO:0043436,GO:0043603,GO:0043604,GO:0043933,GO:0044085,GO:0044237,GO:0044238,GO:0044248,GO:0044249,GO:0044271,GO:0044281,GO:0044282,GO:0044283,GO:0044422,GO:0044424,GO:0044429,GO:0044444,GO:0044446,GO:0044464,GO:0046394,GO:0046395,GO:0048513,GO:0048565,GO:0048731,GO:0048732,GO:0048856,GO:0048878,GO:0050801,GO:0050896,GO:0051259,GO:0051260,GO:0055081,GO:0055123,GO:0061008,GO:0065003,GO:0065007,GO:0065008,GO:0070013,GO:0070206,GO:0070207,GO:0070781,GO:0071704,GO:0071840,GO:0071941,GO:0097272,GO:1901564,GO:1901565,GO:1901566,GO:1901575,GO:1901576,GO:1901605,GO:1901606,GO:1901607,GO:1901652,GO:1901698,GO:1901700",ko:K00611,"ko00220,ko01100,ko01110,ko01130,ko01230,map00220,map01100,map01110,map01130,map01230","M00029,M00844",R01398,"ko00000,ko00001,ko00002,ko01000","OTCace,OTCace_N"
OG0018324,GIFTW,atp6v1e1b,0.00342524762813286,0.152542426447005,8128.ENSONIP00000000026,1.97e-150,426,"COG1390@1|root,KOG1664@2759|Eukaryota,38FW0@33154|Opisthokonta,3BH96@33208|Metazoa,3D2E6@33213|Bilateria,4823S@7711|Chordata,48UYU@7742|Vertebrata,49RV6@7898|Actinopterygii",C,"ATPase, H -transporting, lysosomal, V1 subunit",ATP6V1E1,"GO:0000041,GO:0000221,GO:0001763,GO:0002009,GO:0003674,GO:0003824,GO:0005215,GO:0005488,GO:0005515,GO:0005575,GO:0005622,GO:0005623,GO:0005737,GO:0005768,GO:0005773,GO:0005774,GO:0005829,GO:0005886,GO:0005902,GO:0006810,GO:0006811,GO:0006812,GO:0006826,GO:0007154,GO:0007165,GO:0007166,GO:0007167,GO:0007169,GO:0007275,GO:0007424,GO:0007430,GO:0008104,GO:0008150,GO:0008286,GO:0008324,GO:0008553,GO:0009653,GO:0009719,GO:0009725,GO:0009888,GO:0009894,GO:0009987,GO:0010033,GO:0010243,GO:0010506,GO:0012505,GO:0015031,GO:0015075,GO:0015077,GO:0015078,GO:0015318,GO:0015399,GO:0015405,GO:0015662,GO:0015672,GO:0015682,GO:0015833,GO:0015988,GO:0015991,GO:0016020,GO:0016241,GO:0016324,GO:0016462,GO:0016469,GO:0016471,GO:0016787,GO:0016817,GO:0016818,GO:0016887,GO:0017111,GO:0019222,GO:0019829,GO:0019899,GO:0022804,GO:0022853,GO:0022857,GO:0022890,GO:0023052,GO:0030001,GO:0031090,GO:0031323,GO:0031329,GO:0031410,GO:0031982,GO:0032501,GO:0032502,GO:0032868,GO:0032869,GO:0032870,GO:0032991,GO:0033036,GO:0033176,GO:0033178,GO:0033180,GO:0033181,GO:0033572,GO:0034220,GO:0035239,GO:0035295,GO:0036442,GO:0042221,GO:0042623,GO:0042625,GO:0042626,GO:0042886,GO:0042995,GO:0043226,GO:0043227,GO:0043229,GO:0043231,GO:0043434,GO:0043492,GO:0044422,GO:0044424,GO:0044425,GO:0044437,GO:0044444,GO:0044446,GO:0044459,GO:0044464,GO:0045176,GO:0045177,GO:0045184,GO:0048729,GO:0048731,GO:0048754,GO:0048856,GO:0050789,GO:0050794,GO:0050896,GO:0051117,GO:0051179,GO:0051234,GO:0051716,GO:0055085,GO:0060429,GO:0060446,GO:0060541,GO:0060562,GO:0061138,GO:0065007,GO:0070887,GO:0071310,GO:0071375,GO:0071417,GO:0071495,GO:0071702,GO:0071705,GO:0071944,GO:0072512,GO:0090662,GO:0097708,GO:0098588,GO:0098590,GO:0098655,GO:0098660,GO:0098662,GO:0098796,GO:0098797,GO:0098805,GO:0098858,GO:0099131,GO:0099132,GO:0120025,GO:1901652,GO:1901653,GO:1901698,GO:1901699,GO:1901700,GO:1901701,GO:1902600",ko:K02150,"ko00190,ko01100,ko04145,ko04150,ko04721,ko04966,ko05110,ko05120,ko05323,map00190,map01100,map04145,map04150,map04721,map04966,map05110,map05120,map05323",M00160,-,"ko00000,ko00001,ko00002",vATP-synt_E
OG0019433,GIFTW,LOC102078004,0.0189532046856632,0.204331499804974,8128.ENSONIP00000012713,1.07e-212,637,"2CMEU@1|root,2QQ5W@2759|Eukaryota,38E7N@33154|Opisthokonta,3BF2D@33208|Metazoa,3CTMS@33213|Bilateria,480S2@7711|Chordata,48X2Z@7742|Vertebrata,4A295@7898|Actinopterygii",T,CD5 molecule-like,-,-,ko:K13912,"ko04970,map04970",-,-,"ko00000,ko00001",SRCR
OG0019774,GIFTW,yipf1,0.016276655946101,0.200328073182781,8128.ENSONIP00000023357,2.9399999999999993e-215,594,"KOG3114@1|root,KOG3114@2759|Eukaryota,38XN2@33154|Opisthokonta,3BJQP@33208|Metazoa,3CWJH@33213|Bilateria,48AJX@7711|Chordata,493GD@7742|Vertebrata,49W3J@7898|Actinopterygii",S,Yip1 domain family member 1,YIPF1,"GO:0000138,GO:0003674,GO:0005488,GO:0005515,GO:0005575,GO:0005622,GO:0005623,GO:0005737,GO:0005794,GO:0005795,GO:0005797,GO:0005802,GO:0012505,GO:0017016,GO:0017137,GO:0019899,GO:0030133,GO:0031267,GO:0031410,GO:0031982,GO:0031984,GO:0031985,GO:0043226,GO:0043227,GO:0043229,GO:0043231,GO:0044422,GO:0044424,GO:0044431,GO:0044444,GO:0044446,GO:0044464,GO:0051020,GO:0097708,GO:0098791",-,-,-,-,-,Yip1
OG0020084,GIFTW,wdr33,0.032427699307993,0.243117234129341,8128.ENSONIP00000017668,0,1453,"COG2319@1|root,KOG0284@2759|Eukaryota,38BFJ@33154|Opisthokonta,3BH5C@33208|Metazoa,3CUWY@33213|Bilateria,48A5G@7711|Chordata,49760@7742|Vertebrata,49UR9@7898|Actinopterygii",A,WD repeat domain 33,WDR33,"GO:0000003,GO:0000375,GO:0000377,GO:0000398,GO:0001650,GO:0005575,GO:0005622,GO:0005623,GO:0005634,GO:0005654,GO:0005730,GO:0005847,GO:0005849,GO:0006139,GO:0006259,GO:0006281,GO:0006301,GO:0006351,GO:0006353,GO:0006366,GO:0006369,GO:0006378,GO:0006379,GO:0006396,GO:0006397,GO:0006403,GO:0006405,GO:0006406,GO:0006611,GO:0006725,GO:0006807,GO:0006810,GO:0006886,GO:0006913,GO:0006950,GO:0006974,GO:0007276,GO:0007283,GO:0008104,GO:0008150,GO:0008152,GO:0008380,GO:0009058,GO:0009059,GO:0009987,GO:0010467,GO:0015031,GO:0015833,GO:0015931,GO:0016070,GO:0016071,GO:0016604,GO:0016607,GO:0018130,GO:0019438,GO:0019953,GO:0022414,GO:0031123,GO:0031124,GO:0031503,GO:0031974,GO:0031981,GO:0032501,GO:0032504,GO:0032774,GO:0032991,GO:0033036,GO:0033554,GO:0034613,GO:0034641,GO:0034645,GO:0034654,GO:0042886,GO:0043170,GO:0043226,GO:0043227,GO:0043228,GO:0043229,GO:0043231,GO:0043232,GO:0043233,GO:0043631,GO:0044237,GO:0044238,GO:0044249,GO:0044260,GO:0044271,GO:0044422,GO:0044424,GO:0044428,GO:0044446,GO:0044451,GO:0044452,GO:0044464,GO:0044703,GO:0045184,GO:0046483,GO:0046907,GO:0048232,GO:0048609,GO:0050657,GO:0050658,GO:0050896,GO:0051028,GO:0051168,GO:0051169,GO:0051179,GO:0051234,GO:0051236,GO:0051641,GO:0051649,GO:0051704,GO:0051716,GO:0070013,GO:0070727,GO:0071166,GO:0071426,GO:0071427,GO:0071702,GO:0071704,GO:0071705,GO:0090304,GO:0090305,GO:0090501,GO:0097659,GO:1901360,GO:1901362,GO:1901576",ko:K15542,"ko03015,map03015",-,-,"ko00000,ko00001,ko03019","Collagen,WD40"
OG0022780,GIFTW,LOC106098946,0.0204331499804974,0.204331499804974,32507.XP_006810344.1,8.6e-132,380,"KOG4297@1|root,KOG4297@2759|Eukaryota,39Z2X@33154|Opisthokonta,3BNS0@33208|Metazoa,3D1AT@33213|Bilateria,48AZT@7711|Chordata,496RT@7742|Vertebrata,4A4CV@7898|Actinopterygii",TV,C-type lectin domain family 4 member,-,-,"ko:K10059,ko:K10064,ko:K17513","ko04918,ko05152,map04918,map05152",-,-,"ko00000,ko00001,ko04091",Lectin_C
OG0023357,GIFTW,LOC112841620,0.0198189716852185,0.204331499804974,8128.ENSONIP00000005926,1.11e-193,536,"28NGW@1|root,2QQUW@2759|Eukaryota,39W80@33154|Opisthokonta,3BJB9@33208|Metazoa,3D1XJ@33213|Bilateria,48A9F@7711|Chordata,49AQC@7742|Vertebrata,49W8V@7898|Actinopterygii",S,"One gap junction consists of a cluster of closely packed pairs of transmembrane channels, the connexons, through which materials of low MW diffuse from one cell to a neighboring cell",-,-,ko:K07622,-,-,-,"ko00000,ko02000",Connexin
OG0023788,GIFTW,LOC100694310,0.0161008568484326,0.200328073182781,8153.XP_005920053.1,0,1242,"COG0733@1|root,KOG3660@2759|Eukaryota,3AH4A@33154|Opisthokonta,3BZHV@33208|Metazoa,3DFUA@33213|Bilateria,48HUA@7711|Chordata,49EA8@7742|Vertebrata,4A6Q9@7898|Actinopterygii",T,Sodium- and chloride-dependent GABA transporter 2-like,-,-,ko:K05039,-,-,-,"ko00000,ko02000",SNF
OG0025163,GIFTW,LOC112841617,0.0093387111482553,0.186774222965106,106582.XP_004554467.1,0,1389,"COG0515@1|root,KOG1027@2759|Eukaryota,39XHF@33154|Opisthokonta,3BCYF@33208|Metazoa,3D664@33213|Bilateria,4886R@7711|Chordata,492NE@7742|Vertebrata,49PTF@7898|Actinopterygii",T,Serine threonine-protein kinase,-,-,ko:K08852,"ko04140,ko04141,ko04210,ko04932,ko05010,map04140,map04141,map04210,map04932,map05010",-,-,"ko00000,ko00001,ko01000,ko01001","Ank_2,Pkinase,Ribonuc_2-5A"
OG0025502,GIFTW,LOC102079921,2.97653307850452e-4,0.0476245292560723,32507.XP_006808614.1,1.3700000000000001e-117,362,"290TZ@1|root,2RB0C@2759|Eukaryota,39XIN@33154|Opisthokonta,3BBZ7@33208|Metazoa,3D0BM@33213|Bilateria,484UB@7711|Chordata,490VN@7742|Vertebrata",S,GTP binding,GIMAP8,"GO:0000002,GO:0000166,GO:0000266,GO:0001505,GO:0001659,GO:0001773,GO:0001775,GO:0001776,GO:0001817,GO:0001818,GO:0001819,GO:0001882,GO:0001883,GO:0001910,GO:0001912,GO:0002260,GO:0002274,GO:0002376,GO:0002520,GO:0002521,GO:0002573,GO:0002682,GO:0002683,GO:0002684,GO:0002694,GO:0002695,GO:0002696,GO:0002697,GO:0002699,GO:0002700,GO:0002702,GO:0002703,GO:0002705,GO:0002706,GO:0002708,GO:0002712,GO:0002714,GO:0002715,GO:0002717,GO:0002718,GO:0002720,GO:0002727,GO:0002729,GO:0002819,GO:0002821,GO:0002822,GO:0002824,GO:0002889,GO:0002891,GO:0002920,GO:0002922,GO:0002923,GO:0002925,GO:0003674,GO:0005488,GO:0005515,GO:0005525,GO:0005575,GO:0005622,GO:0005623,GO:0005737,GO:0005739,GO:0005740,GO:0005741,GO:0005811,GO:0006810,GO:0006839,GO:0006873,GO:0006874,GO:0006875,GO:0006996,GO:0007005,GO:0007006,GO:0007162,GO:0007204,GO:0007275,GO:0008150,GO:0009889,GO:0009890,GO:0009892,GO:0009894,GO:0009895,GO:0009987,GO:0010522,GO:0010524,GO:0010941,GO:0010959,GO:0016020,GO:0016043,GO:0017076,GO:0019001,GO:0019216,GO:0019222,GO:0019725,GO:0019867,GO:0022407,GO:0022408,GO:0022409,GO:0030003,GO:0030097,GO:0030098,GO:0030099,GO:0030154,GO:0030155,GO:0030217,GO:0031090,GO:0031323,GO:0031324,GO:0031326,GO:0031327,GO:0031341,GO:0031343,GO:0031347,GO:0031349,GO:0031966,GO:0031967,GO:0031968,GO:0031975,GO:0032501,GO:0032502,GO:0032549,GO:0032550,GO:0032553,GO:0032555,GO:0032561,GO:0032649,GO:0032689,GO:0032829,GO:0032831,GO:0032879,GO:0033955,GO:0035639,GO:0036094,GO:0042110,GO:0042269,GO:0042391,GO:0042592,GO:0042802,GO:0042981,GO:0043011,GO:0043029,GO:0043066,GO:0043067,GO:0043069,GO:0043167,GO:0043168,GO:0043226,GO:0043227,GO:0043228,GO:0043229,GO:0043231,GO:0043232,GO:0043269,GO:0043270,GO:0043370,GO:0043372,GO:0044422,GO:0044424,GO:0044429,GO:0044444,GO:0044446,GO:0044464,GO:0045019,GO:0045088,GO:0045089,GO:0045321,GO:0045428,GO:0045580,GO:0045582,GO:0045586,GO:0045588,GO:0045589,GO:0045591,GO:0045595,GO:0045597,GO:0045619,GO:0045621,GO:0045785,GO:0045833,GO:0045838,GO:0045954,GO:0046634,GO:0046635,GO:0046637,GO:0046638,GO:0046643,GO:0046645,GO:0046649,GO:0046902,GO:0048285,GO:0048513,GO:0048518,GO:0048519,GO:0048522,GO:0048523,GO:0048534,GO:0048583,GO:0048584,GO:0048731,GO:0048856,GO:0048869,GO:0048871,GO:0048872,GO:0048878,GO:0050776,GO:0050778,GO:0050789,GO:0050793,GO:0050794,GO:0050801,GO:0050863,GO:0050865,GO:0050866,GO:0050867,GO:0050868,GO:0050870,GO:0050994,GO:0050995,GO:0051049,GO:0051050,GO:0051094,GO:0051171,GO:0051172,GO:0051179,GO:0051234,GO:0051239,GO:0051240,GO:0051241,GO:0051249,GO:0051250,GO:0051251,GO:0051480,GO:0051924,GO:0051928,GO:0055065,GO:0055074,GO:0055080,GO:0055082,GO:0060341,GO:0060548,GO:0061024,GO:0065007,GO:0065008,GO:0070228,GO:0070232,GO:0071840,GO:0072503,GO:0072507,GO:0080090,GO:0080134,GO:0090559,GO:0097028,GO:0097159,GO:0097367,GO:0098588,GO:0098771,GO:0098805,GO:1901265,GO:1901363,GO:1902105,GO:1902107,GO:1903037,GO:1903038,GO:1903039,GO:1903426,GO:1903427,GO:1903706,GO:1903708,GO:1904406,GO:2000026,GO:2000106,GO:2000377,GO:2000378,GO:2000514,GO:2000516",-,-,-,-,-,AIG1
OG0025523,GIFTW,LOC109198762,0.0146934617397105,0.200328073182781,8128.ENSONIP00000009926,2.46e-281,769,"KOG4297@1|root,KOG4297@2759|Eukaryota",S,carbohydrate binding,-,-,ko:K06560,"ko04145,ko05152,map04145,map05152",-,-,"ko00000,ko00001,ko04090,ko04091,ko04131",Lectin_C
OG0025901,GIFTW,LOC102080834,0.0261965002968215,0.212568550417718,303518.XP_005752698.1,0,1140,"COG4886@1|root,KOG4641@2759|Eukaryota,38EYJ@33154|Opisthokonta,3BIA8@33208|Metazoa,3CVNH@33213|Bilateria,47ZUZ@7711|Chordata,498G9@7742|Vertebrata,49XYU@7898|Actinopterygii",T,Toll-like receptor,-,-,ko:K18808,-,-,-,ko00000,"LRR_8,TIR"
OG0002000,AqAm,LOC106097356,1.4207599551037e-4,0.0158414734994062,8153.XP_005919526.1,4.7e-106,318,"2BRY5@1|root,2SR6W@2759|Eukaryota,38HVX@33154|Opisthokonta,3BI09@33208|Metazoa,3D1BJ@33213|Bilateria,48AZJ@7711|Chordata,492Y3@7742|Vertebrata",T,Immunoglobulin V-set domain,SIRPB2,-,"ko:K16826,ko:K16827",-,-,-,ko00000,V-set
OG0004293,AqAm,nol8,0.0422656596231016,0.372214027749192,32507.XP_006783024.1,0,1585,"KOG4365@1|root,KOG4365@2759|Eukaryota,38EGZ@33154|Opisthokonta,3BGM9@33208|Metazoa,3CW9M@33213|Bilateria,4872K@7711|Chordata,48XR8@7742|Vertebrata,49Z48@7898|Actinopterygii",A,Nucleolar protein,NOL8,"GO:0003674,GO:0003676,GO:0003723,GO:0003729,GO:0005488,GO:0005575,GO:0005622,GO:0005623,GO:0005634,GO:0005730,GO:0006139,GO:0006364,GO:0006396,GO:0006725,GO:0006807,GO:0008104,GO:0008150,GO:0008152,GO:0009987,GO:0010033,GO:0010467,GO:0016070,GO:0016072,GO:0022613,GO:0031974,GO:0031981,GO:0033036,GO:0033365,GO:0034097,GO:0034470,GO:0034504,GO:0034613,GO:0034641,GO:0034660,GO:0042221,GO:0042254,GO:0043170,GO:0043226,GO:0043227,GO:0043228,GO:0043229,GO:0043231,GO:0043232,GO:0043233,GO:0044085,GO:0044237,GO:0044238,GO:0044422,GO:0044424,GO:0044428,GO:0044446,GO:0044464,GO:0046483,GO:0050896,GO:0051179,GO:0051641,GO:0051716,GO:0070013,GO:0070727,GO:0070887,GO:0071310,GO:0071345,GO:0071704,GO:0071840,GO:0090304,GO:0097159,GO:1901360,GO:1901363,GO:1902570,GO:1990823,GO:1990830",-,-,-,-,-,RRM_1
OG0006525,AqAm,LOC112847430,0.0167627794866856,0.372214027749192,144197.XP_008286041.1,3.19e-154,461,"COG5059@1|root,KOG0239@2759|Eukaryota,38D7J@33154|Opisthokonta,3BABC@33208|Metazoa,3CTH1@33213|Bilateria,48AVS@7711|Chordata,49ESD@7742|Vertebrata",Z,"Kinesin motor, catalytic domain. ATPase.",-,-,ko:K10406,-,-,-,"ko00000,ko04812",Kinesin
OG0006781,AqAm,minar2,0.0140727355313358,0.372214027749192,8153.XP_005929051.1,1.91e-104,306,"2CEHK@1|root,2RZQB@2759|Eukaryota,394MA@33154|Opisthokonta,3BNI9@33208|Metazoa,3D4VW@33213|Bilateria,483JV@7711|Chordata,496QS@7742|Vertebrata,4A3QX@7898|Actinopterygii",S,KIAA1024-like,KIAA1024L,-,-,-,-,-,-,UPF0258
OG0008031,AqAm,LOC100697330,0.0284001025218718,0.372214027749192,106582.XP_004567730.1,0,1191,"KOG1179@1|root,KOG1179@2759|Eukaryota,38B7F@33154|Opisthokonta,3BA3X@33208|Metazoa,3CRF3@33213|Bilateria,483GM@7711|Chordata,48Y9M@7742|Vertebrata",I,pristanate-CoA ligase activity,SLC27A2,"GO:0000038,GO:0001561,GO:0001676,GO:0001775,GO:0002252,GO:0002263,GO:0002274,GO:0002275,GO:0002283,GO:0002366,GO:0002376,GO:0002443,GO:0002444,GO:0002446,GO:0003674,GO:0003824,GO:0004467,GO:0005102,GO:0005215,GO:0005319,GO:0005342,GO:0005488,GO:0005515,GO:0005575,GO:0005622,GO:0005623,GO:0005737,GO:0005777,GO:0005778,GO:0005779,GO:0005783,GO:0005788,GO:0005789,GO:0005829,GO:0005886,GO:0006082,GO:0006091,GO:0006605,GO:0006625,GO:0006629,GO:0006631,GO:0006635,GO:0006638,GO:0006639,GO:0006641,GO:0006642,GO:0006694,GO:0006699,GO:0006810,GO:0006811,GO:0006820,GO:0006869,GO:0006886,GO:0006887,GO:0006955,GO:0006996,GO:0007031,GO:0008028,GO:0008104,GO:0008150,GO:0008152,GO:0008202,GO:0008206,GO:0008509,GO:0008514,GO:0008610,GO:0009056,GO:0009058,GO:0009062,GO:0009925,GO:0009987,GO:0010876,GO:0012505,GO:0012506,GO:0015031,GO:0015075,GO:0015245,GO:0015318,GO:0015645,GO:0015711,GO:0015718,GO:0015721,GO:0015833,GO:0015849,GO:0015850,GO:0015908,GO:0015909,GO:0015911,GO:0016020,GO:0016021,GO:0016042,GO:0016043,GO:0016053,GO:0016054,GO:0016192,GO:0016323,GO:0016405,GO:0016874,GO:0016877,GO:0016878,GO:0017144,GO:0019395,GO:0019752,GO:0019899,GO:0022857,GO:0030141,GO:0030176,GO:0030258,GO:0030659,GO:0030667,GO:0031090,GO:0031224,GO:0031227,GO:0031231,GO:0031300,GO:0031301,GO:0031410,GO:0031903,GO:0031957,GO:0031974,GO:0031982,GO:0031984,GO:0032787,GO:0032940,GO:0032991,GO:0033036,GO:0033365,GO:0034220,GO:0034440,GO:0034613,GO:0035579,GO:0036230,GO:0042119,GO:0042175,GO:0042579,GO:0042581,GO:0042760,GO:0042886,GO:0043226,GO:0043227,GO:0043229,GO:0043231,GO:0043233,GO:0043299,GO:0043312,GO:0043436,GO:0043574,GO:0044237,GO:0044238,GO:0044242,GO:0044248,GO:0044249,GO:0044255,GO:0044281,GO:0044282,GO:0044283,GO:0044422,GO:0044424,GO:0044425,GO:0044432,GO:0044433,GO:0044438,GO:0044439,GO:0044444,GO:0044446,GO:0044459,GO:0044464,GO:0044539,GO:0044877,GO:0045055,GO:0045178,GO:0045184,GO:0045321,GO:0046394,GO:0046395,GO:0046486,GO:0046903,GO:0046907,GO:0046942,GO:0046943,GO:0046950,GO:0046951,GO:0047747,GO:0050197,GO:0050896,GO:0051179,GO:0051234,GO:0051641,GO:0051649,GO:0055085,GO:0055114,GO:0070013,GO:0070251,GO:0070727,GO:0071702,GO:0071704,GO:0071705,GO:0071840,GO:0071944,GO:0072329,GO:0072330,GO:0072594,GO:0072662,GO:0072663,GO:0097089,GO:0097708,GO:0098588,GO:0098590,GO:0098656,GO:0098805,GO:0098827,GO:0099503,GO:1901360,GO:1901362,GO:1901568,GO:1901570,GO:1901575,GO:1901576,GO:1901615,GO:1901617,GO:1902001,GO:1902224,GO:1903825,GO:1905039","ko:K08746,ko:K08748,ko:K08749","ko00120,ko01100,ko03320,ko04146,ko04931,ko04976,map00120,map01100,map03320,map04146,map04931,map04976","M00104,M00106","R02794,R04507,R04580,R08733,R08738,R08743","ko00000,ko00001,ko00002,ko01000,ko01004,ko02000","AMP-binding,AMP-binding_C"
OG0008067,AqAm,pkp3a,1.2411875432062e-7,2.76784822134982e-5,8128.ENSONIP00000010404,0,1432,"KOG1048@1|root,KOG1048@2759|Eukaryota,38H59@33154|Opisthokonta,3BG19@33208|Metazoa,3CUNW@33213|Bilateria,485SH@7711|Chordata,494VX@7742|Vertebrata,49VE3@7898|Actinopterygii",TW,Plakophilin,PKP3,"GO:0001533,GO:0002159,GO:0002934,GO:0003674,GO:0005488,GO:0005515,GO:0005575,GO:0005622,GO:0005623,GO:0005634,GO:0005654,GO:0005886,GO:0005911,GO:0005912,GO:0005913,GO:0005914,GO:0007043,GO:0007275,GO:0008104,GO:0008150,GO:0008219,GO:0008544,GO:0009888,GO:0009892,GO:0009893,GO:0009894,GO:0009895,GO:0009913,GO:0009987,GO:0010468,GO:0010604,GO:0010605,GO:0010628,GO:0012501,GO:0016020,GO:0016043,GO:0019219,GO:0019222,GO:0019899,GO:0022607,GO:0030054,GO:0030057,GO:0030154,GO:0030216,GO:0030855,GO:0031323,GO:0031324,GO:0031329,GO:0031330,GO:0031424,GO:0031974,GO:0031981,GO:0032501,GO:0032502,GO:0032991,GO:0033036,GO:0034329,GO:0034330,GO:0034613,GO:0043226,GO:0043227,GO:0043229,GO:0043231,GO:0043233,GO:0043588,GO:0044085,GO:0044422,GO:0044424,GO:0044428,GO:0044446,GO:0044464,GO:0045216,GO:0045294,GO:0045934,GO:0048513,GO:0048518,GO:0048519,GO:0048523,GO:0048731,GO:0048856,GO:0048869,GO:0050789,GO:0050794,GO:0050839,GO:0051171,GO:0051172,GO:0051179,GO:0051252,GO:0051253,GO:0051641,GO:0060255,GO:0060429,GO:0061013,GO:0065007,GO:0070013,GO:0070161,GO:0070268,GO:0070727,GO:0071840,GO:0071944,GO:0072657,GO:0072659,GO:0080090,GO:1902369,GO:1902373,GO:1903311,GO:1903312,GO:1990124,GO:1990778,GO:1990904",-,-,-,-,-,Arm
OG0008077,AqAm,LOC106097887,4.41765732286262e-4,0.0328379194332788,106582.XP_004575186.1,0,2442,"KOG1216@1|root,KOG1225@1|root,KOG1216@2759|Eukaryota,KOG1225@2759|Eukaryota,38BYG@33154|Opisthokonta,3BBY5@33208|Metazoa,3CRZ6@33213|Bilateria,4839A@7711|Chordata,48WYQ@7742|Vertebrata,49R8D@7898|Actinopterygii",VW,Mucin-2-like,MUC2,"GO:0001894,GO:0002064,GO:0002376,GO:0003008,GO:0003674,GO:0005488,GO:0005515,GO:0005575,GO:0005576,GO:0006915,GO:0006950,GO:0006952,GO:0006955,GO:0006959,GO:0007586,GO:0007599,GO:0008150,GO:0008219,GO:0008285,GO:0009611,GO:0009888,GO:0009987,GO:0010669,GO:0010941,GO:0010942,GO:0012501,GO:0022600,GO:0030154,GO:0030277,GO:0030334,GO:0030336,GO:0030855,GO:0031012,GO:0032501,GO:0032502,GO:0032879,GO:0040012,GO:0040013,GO:0042060,GO:0042127,GO:0042381,GO:0042592,GO:0042802,GO:0042803,GO:0042981,GO:0043065,GO:0043067,GO:0043068,GO:0044421,GO:0045087,GO:0046983,GO:0048468,GO:0048518,GO:0048519,GO:0048522,GO:0048523,GO:0048856,GO:0048869,GO:0048871,GO:0050789,GO:0050794,GO:0050817,GO:0050878,GO:0050896,GO:0051270,GO:0051271,GO:0060249,GO:0060429,GO:0065007,GO:0065008,GO:0070701,GO:0070702,GO:0070703,GO:2000145,GO:2000146","ko:K03900,ko:K10955,ko:K21125,ko:K22020","ko04151,ko04510,ko04512,ko04610,ko04611,ko04657,ko05146,ko05165,ko05226,map04151,map04510,map04512,map04610,map04611,map04657,map05146,map05165,map05226",-,-,"ko00000,ko00001,ko03110,ko04131,ko04147,ko04516","C8,Cys_knot,F5_F8_type_C,Mucin2_WxxW,TIL,VWD"
OG0008403,AqAm,ptprjb.1,0.0195513982721046,0.372214027749192,7994.ENSAMXP00000017437,0,1217,"COG5599@1|root,KOG0791@2759|Eukaryota,39S5A@33154|Opisthokonta,3BHUJ@33208|Metazoa,3D2JB@33213|Bilateria,480PT@7711|Chordata,48XHW@7742|Vertebrata,49VVP@7898|Actinopterygii",T,"Protein tyrosine phosphatase, receptor type, J",PTPRJ,"GO:0001558,GO:0001568,GO:0001570,GO:0001726,GO:0001772,GO:0001775,GO:0001932,GO:0001933,GO:0001944,GO:0001952,GO:0001954,GO:0002252,GO:0002253,GO:0002263,GO:0002274,GO:0002275,GO:0002283,GO:0002366,GO:0002376,GO:0002429,GO:0002443,GO:0002444,GO:0002446,GO:0002682,GO:0002683,GO:0002684,GO:0002685,GO:0002687,GO:0002688,GO:0002690,GO:0002757,GO:0002764,GO:0002768,GO:0003008,GO:0003013,GO:0003018,GO:0003674,GO:0003824,GO:0004721,GO:0004725,GO:0005102,GO:0005161,GO:0005488,GO:0005515,GO:0005575,GO:0005622,GO:0005623,GO:0005737,GO:0005886,GO:0005887,GO:0005911,GO:0006464,GO:0006469,GO:0006470,GO:0006793,GO:0006796,GO:0006807,GO:0006810,GO:0006887,GO:0006935,GO:0006950,GO:0006955,GO:0007154,GO:0007165,GO:0007166,GO:0007167,GO:0007169,GO:0007275,GO:0007399,GO:0007417,GO:0007507,GO:0007596,GO:0007599,GO:0008013,GO:0008015,GO:0008150,GO:0008152,GO:0008285,GO:0009605,GO:0009611,GO:0009653,GO:0009892,GO:0009966,GO:0009967,GO:0009968,GO:0009986,GO:0009987,GO:0010001,GO:0010469,GO:0010543,GO:0010563,GO:0010572,GO:0010605,GO:0010640,GO:0010642,GO:0010646,GO:0010647,GO:0010648,GO:0010758,GO:0010759,GO:0010810,GO:0010811,GO:0012505,GO:0012506,GO:0016020,GO:0016021,GO:0016192,GO:0016311,GO:0016787,GO:0016788,GO:0016791,GO:0019220,GO:0019222,GO:0019538,GO:0019899,GO:0019900,GO:0019901,GO:0022008,GO:0023051,GO:0023052,GO:0023056,GO:0023057,GO:0030054,GO:0030141,GO:0030154,GO:0030155,GO:0030193,GO:0030194,GO:0030308,GO:0030334,GO:0030335,GO:0030336,GO:0030659,GO:0030667,GO:0031090,GO:0031224,GO:0031226,GO:0031252,GO:0031253,GO:0031256,GO:0031323,GO:0031324,GO:0031399,GO:0031400,GO:0031410,GO:0031982,GO:0032101,GO:0032103,GO:0032268,GO:0032269,GO:0032501,GO:0032502,GO:0032587,GO:0032879,GO:0032940,GO:0033673,GO:0035239,GO:0035295,GO:0035335,GO:0035579,GO:0036211,GO:0036230,GO:0040008,GO:0040011,GO:0040012,GO:0040013,GO:0040017,GO:0042058,GO:0042059,GO:0042060,GO:0042063,GO:0042119,GO:0042127,GO:0042221,GO:0042325,GO:0042326,GO:0042330,GO:0042578,GO:0042581,GO:0042802,GO:0042995,GO:0043086,GO:0043114,GO:0043116,GO:0043170,GO:0043226,GO:0043227,GO:0043229,GO:0043299,GO:0043312,GO:0043405,GO:0043407,GO:0043408,GO:0043409,GO:0043412,GO:0043549,GO:0044087,GO:0044089,GO:0044092,GO:0044237,GO:0044238,GO:0044260,GO:0044267,GO:0044422,GO:0044424,GO:0044425,GO:0044433,GO:0044444,GO:0044446,GO:0044459,GO:0044463,GO:0044464,GO:0045055,GO:0045295,GO:0045321,GO:0045785,GO:0045859,GO:0045926,GO:0045936,GO:0046903,GO:0048008,GO:0048513,GO:0048514,GO:0048518,GO:0048519,GO:0048522,GO:0048523,GO:0048583,GO:0048584,GO:0048585,GO:0048709,GO:0048731,GO:0048856,GO:0048869,GO:0050776,GO:0050778,GO:0050789,GO:0050790,GO:0050794,GO:0050817,GO:0050818,GO:0050820,GO:0050851,GO:0050852,GO:0050854,GO:0050856,GO:0050858,GO:0050860,GO:0050865,GO:0050867,GO:0050878,GO:0050896,GO:0050918,GO:0050920,GO:0050921,GO:0051019,GO:0051128,GO:0051130,GO:0051171,GO:0051172,GO:0051174,GO:0051179,GO:0051234,GO:0051239,GO:0051240,GO:0051246,GO:0051248,GO:0051270,GO:0051271,GO:0051272,GO:0051338,GO:0051348,GO:0051716,GO:0051893,GO:0051894,GO:0051896,GO:0051897,GO:0051898,GO:0060242,GO:0060255,GO:0061041,GO:0065007,GO:0065008,GO:0065009,GO:0070097,GO:0070851,GO:0071622,GO:0071675,GO:0071704,GO:0071900,GO:0071901,GO:0071944,GO:0072358,GO:0072359,GO:0080090,GO:0080134,GO:0090109,GO:0090303,GO:0097708,GO:0098588,GO:0098590,GO:0098805,GO:0099503,GO:0120025,GO:0120038,GO:0140096,GO:1900046,GO:1900048,GO:1901184,GO:1901185,GO:1901564,GO:1901888,GO:1901890,GO:1902531,GO:1902532,GO:1902533,GO:1903034,GO:1903036,GO:1903391,GO:1903393,GO:1905521,GO:1905523,GO:2000145,GO:2000146,GO:2000147,GO:2000272","ko:K05698,ko:K18034","ko04520,map04520",-,-,"ko00000,ko00001,ko01000,ko01009,ko04090","Y_phosphatase,fn3"
OG0012442,AqAm,LOC106097846,0.0250007822973013,0.372214027749192,8128.ENSONIP00000010935,2.0000000000000002e-81,251,"KOG4297@1|root,KOG4297@2759|Eukaryota",S,carbohydrate binding,-,-,-,-,-,-,-,Lectin_C
OG0013284,AqAm,LOC100699202,7.2419147495919e-4,0.0403736747289748,8128.ENSONIP00000018859,1.8399999999999998e-196,543,"COG5640@1|root,KOG3627@2759|Eukaryota,3APPN@33154|Opisthokonta,3C2CK@33208|Metazoa,3DI67@33213|Bilateria,48KMD@7711|Chordata,49HK4@7742|Vertebrata,4A84Y@7898|Actinopterygii",E,Belongs to the peptidase S1 family,-,-,ko:K01312,"ko04080,ko04972,ko04974,ko05164,map04080,map04972,map04974,map05164",-,-,"ko00000,ko00001,ko01000,ko01002,ko04147",Trypsin
OG0013749,AqAm,kank1a,0.023949442407109,0.372214027749192,8153.XP_005922061.1,0,2039,"COG0666@1|root,KOG0514@2759|Eukaryota,38FV8@33154|Opisthokonta,3BFAU@33208|Metazoa,3D1UU@33213|Bilateria,480U3@7711|Chordata,493NX@7742|Vertebrata,49PRX@7898|Actinopterygii",S,KN motif and ankyrin repeat,KANK1,"GO:0001726,GO:0003674,GO:0005488,GO:0005515,GO:0005575,GO:0005622,GO:0005623,GO:0005634,GO:0005737,GO:0005856,GO:0005874,GO:0005886,GO:0005911,GO:0005912,GO:0005924,GO:0005927,GO:0006996,GO:0007010,GO:0007162,GO:0007275,GO:0007399,GO:0008013,GO:0008017,GO:0008064,GO:0008092,GO:0008104,GO:0008150,GO:0009653,GO:0009790,GO:0009792,GO:0009966,GO:0009967,GO:0009968,GO:0009987,GO:0010639,GO:0010646,GO:0010647,GO:0010648,GO:0010721,GO:0010769,GO:0010771,GO:0010810,GO:0010812,GO:0010975,GO:0010977,GO:0015630,GO:0015631,GO:0016020,GO:0016043,GO:0022008,GO:0022603,GO:0022604,GO:0023051,GO:0023056,GO:0023057,GO:0030029,GO:0030036,GO:0030054,GO:0030055,GO:0030056,GO:0030111,GO:0030154,GO:0030155,GO:0030177,GO:0030334,GO:0030336,GO:0030832,GO:0030833,GO:0030837,GO:0031252,GO:0031253,GO:0031256,GO:0031333,GO:0031344,GO:0031345,GO:0032271,GO:0032272,GO:0032501,GO:0032502,GO:0032535,GO:0032587,GO:0032878,GO:0032879,GO:0032956,GO:0032970,GO:0033036,GO:0033043,GO:0034330,GO:0034331,GO:0035023,GO:0035024,GO:0035371,GO:0040012,GO:0040013,GO:0042995,GO:0043226,GO:0043227,GO:0043228,GO:0043229,GO:0043231,GO:0043232,GO:0043254,GO:0043954,GO:0044087,GO:0044422,GO:0044424,GO:0044425,GO:0044430,GO:0044446,GO:0044459,GO:0044463,GO:0044464,GO:0045216,GO:0045217,GO:0045595,GO:0045596,GO:0045664,GO:0045665,GO:0046578,GO:0046580,GO:0046626,GO:0046627,GO:0048518,GO:0048519,GO:0048522,GO:0048523,GO:0048583,GO:0048584,GO:0048585,GO:0048598,GO:0048699,GO:0048731,GO:0048856,GO:0048869,GO:0050767,GO:0050768,GO:0050789,GO:0050793,GO:0050794,GO:0051010,GO:0051056,GO:0051058,GO:0051093,GO:0051128,GO:0051129,GO:0051179,GO:0051239,GO:0051241,GO:0051270,GO:0051271,GO:0051493,GO:0051494,GO:0051960,GO:0051961,GO:0060284,GO:0060491,GO:0060828,GO:0061041,GO:0065007,GO:0065008,GO:0070161,GO:0071840,GO:0071944,GO:0080134,GO:0090066,GO:0090263,GO:0090303,GO:0098590,GO:0099080,GO:0099081,GO:0099512,GO:0099513,GO:0110053,GO:0120025,GO:0120032,GO:0120033,GO:0120035,GO:0120038,GO:1900024,GO:1900025,GO:1900027,GO:1900028,GO:1900076,GO:1900077,GO:1902531,GO:1902532,GO:1902743,GO:1902744,GO:1902903,GO:1902904,GO:1903034,GO:1903036,GO:1990752,GO:2000026,GO:2000114,GO:2000145,GO:2000146,GO:2000392,GO:2000393",-,-,-,-,-,"Ank_2,Ank_3,Ank_4,KN_motif"
OG0017692,AqAm,cwc22,0.0200455413584741,0.372214027749192,8128.ENSONIP00000008688,0,1206,"KOG2140@1|root,KOG2140@2759|Eukaryota,38ENJ@33154|Opisthokonta,3BAIE@33208|Metazoa,3CUJ0@33213|Bilateria,48APA@7711|Chordata,48YK0@7742|Vertebrata,49TKG@7898|Actinopterygii",S,CWC22 spliceosome-associated protein homolog (S. cerevisiae),CWC22,"GO:0000003,GO:0000228,GO:0000375,GO:0000377,GO:0000398,GO:0000785,GO:0000790,GO:0003006,GO:0003674,GO:0003676,GO:0003723,GO:0005488,GO:0005515,GO:0005575,GO:0005622,GO:0005623,GO:0005634,GO:0005654,GO:0005681,GO:0005684,GO:0005694,GO:0005737,GO:0005829,GO:0006139,GO:0006396,GO:0006397,GO:0006725,GO:0006807,GO:0007275,GO:0007276,GO:0007281,GO:0007369,GO:0008150,GO:0008152,GO:0008380,GO:0009653,GO:0009790,GO:0009987,GO:0010467,GO:0010468,GO:0016070,GO:0016071,GO:0016604,GO:0016607,GO:0017145,GO:0019219,GO:0019222,GO:0019953,GO:0022412,GO:0022414,GO:0030154,GO:0031323,GO:0031974,GO:0031981,GO:0032501,GO:0032502,GO:0032504,GO:0032991,GO:0034641,GO:0042078,GO:0043073,GO:0043170,GO:0043226,GO:0043227,GO:0043228,GO:0043229,GO:0043231,GO:0043232,GO:0043233,GO:0043484,GO:0044237,GO:0044238,GO:0044422,GO:0044424,GO:0044427,GO:0044428,GO:0044444,GO:0044446,GO:0044451,GO:0044454,GO:0044464,GO:0044703,GO:0046483,GO:0048024,GO:0048468,GO:0048598,GO:0048609,GO:0048856,GO:0048869,GO:0050684,GO:0050789,GO:0050794,GO:0051171,GO:0051252,GO:0051301,GO:0051704,GO:0060255,GO:0065007,GO:0070013,GO:0071006,GO:0071007,GO:0071012,GO:0071013,GO:0071704,GO:0080090,GO:0090304,GO:0097159,GO:1901360,GO:1901363,GO:1902494,GO:1903311,GO:1990904",ko:K13100,-,-,-,"ko00000,ko03041","MA3,MIF4G"
OG0018196,AqAm,ccdc146,0.0118889166194944,0.372214027749192,8128.ENSONIP00000021244,0,1656,"28H8C@1|root,2QPM4@2759|Eukaryota,390U9@33154|Opisthokonta,3BH6X@33208|Metazoa,3D2SW@33213|Bilateria,48AEC@7711|Chordata,490PP@7742|Vertebrata,49T0N@7898|Actinopterygii",S,Coiled-coil domain containing 146,CCDC146,"GO:0005575,GO:0005622,GO:0005623,GO:0005737,GO:0005814,GO:0005815,GO:0005856,GO:0015630,GO:0043226,GO:0043228,GO:0043229,GO:0043232,GO:0044422,GO:0044424,GO:0044430,GO:0044444,GO:0044446,GO:0044450,GO:0044464",-,-,-,-,-,-
OG0018234,AqAm,LOC100690282,0.0369993859458725,0.372214027749192,303518.XP_005725363.1,0,1176,"KOG2177@1|root,KOG2177@2759|Eukaryota",O,zinc ion binding,-,-,"ko:K10651,ko:K12009,ko:K12015","ko05322,map05322",-,-,"ko00000,ko00001,ko01000,ko03019,ko04121,ko04131","PRY,SPRY,zf-B_box,zf-C3HC4,zf-C3HC4_4,zf-RING_UBOX"
OG0018811,AqAm,efcab7,0.0315620954323678,0.372214027749192,303518.XP_005737069.1,0,1086,"COG5126@1|root,KOG0027@2759|Eukaryota,38DAB@33154|Opisthokonta,3BCD5@33208|Metazoa,3CZW3@33213|Bilateria,48AJQ@7711|Chordata,494D2@7742|Vertebrata,49Y1S@7898|Actinopterygii",T,EF-hand calcium binding domain 7,EFCAB7,"GO:0005575,GO:0005623,GO:0005886,GO:0005929,GO:0006355,GO:0006357,GO:0008150,GO:0009889,GO:0009891,GO:0009893,GO:0010468,GO:0010556,GO:0010557,GO:0010604,GO:0010628,GO:0016020,GO:0019219,GO:0019222,GO:0019898,GO:0031090,GO:0031253,GO:0031323,GO:0031325,GO:0031326,GO:0031328,GO:0032386,GO:0032388,GO:0032879,GO:0032880,GO:0032991,GO:0033157,GO:0042306,GO:0042307,GO:0042995,GO:0043226,GO:0043227,GO:0044422,GO:0044425,GO:0044441,GO:0044459,GO:0044463,GO:0044464,GO:0045893,GO:0045935,GO:0045944,GO:0046822,GO:0046824,GO:0048518,GO:0048522,GO:0050789,GO:0050794,GO:0051049,GO:0051050,GO:0051171,GO:0051173,GO:0051222,GO:0051223,GO:0051252,GO:0051254,GO:0060170,GO:0060255,GO:0060341,GO:0065007,GO:0070201,GO:0071944,GO:0080090,GO:0090087,GO:0090316,GO:0098588,GO:0098590,GO:0098796,GO:0098797,GO:0120025,GO:0120038,GO:1900180,GO:1900182,GO:1902680,GO:1903506,GO:1903508,GO:1903564,GO:1903566,GO:1903567,GO:1903569,GO:1903827,GO:1903829,GO:1904375,GO:1904377,GO:1904589,GO:1904591,GO:1904951,GO:1905475,GO:1905477,GO:2000112,GO:2001141",-,-,-,-,-,"EF-hand_1,EF-hand_5,EF-hand_7"
OG0019101,AqAm,col6a1,0.0275055245864371,0.372214027749192,8128.ENSONIP00000019689,0,1178,"KOG3544@1|root,KOG3544@2759|Eukaryota,39BNQ@33154|Opisthokonta,3BEBE@33208|Metazoa,3CVZ7@33213|Bilateria,480AT@7711|Chordata,490PD@7742|Vertebrata,49SSQ@7898|Actinopterygii",W,"Collagen, type VI, alpha 1",COL6A1,"GO:0001101,GO:0001704,GO:0001706,GO:0003674,GO:0005488,GO:0005515,GO:0005575,GO:0005576,GO:0005581,GO:0005589,GO:0005622,GO:0005623,GO:0005737,GO:0005783,GO:0005788,GO:0005886,GO:0007275,GO:0007369,GO:0007492,GO:0008150,GO:0009653,GO:0009719,GO:0009790,GO:0009888,GO:0009987,GO:0010033,GO:0010243,GO:0012505,GO:0016020,GO:0016043,GO:0019838,GO:0022607,GO:0030154,GO:0030198,GO:0031012,GO:0031974,GO:0032501,GO:0032502,GO:0032991,GO:0035987,GO:0042221,GO:0042383,GO:0043062,GO:0043200,GO:0043226,GO:0043227,GO:0043229,GO:0043231,GO:0043233,GO:0043933,GO:0044085,GO:0044421,GO:0044422,GO:0044424,GO:0044432,GO:0044444,GO:0044446,GO:0044464,GO:0048407,GO:0048598,GO:0048646,GO:0048856,GO:0048869,GO:0050896,GO:0051259,GO:0051291,GO:0051716,GO:0065003,GO:0070013,GO:0070206,GO:0070208,GO:0070887,GO:0071229,GO:0071230,GO:0071310,GO:0071417,GO:0071495,GO:0071840,GO:0071944,GO:0098647,GO:0099080,GO:0099081,GO:0099512,GO:1901698,GO:1901699,GO:1901700,GO:1901701",ko:K06238,"ko04151,ko04510,ko04512,ko04974,ko05165,map04151,map04510,map04512,map04974,map05165",-,-,"ko00000,ko00001,ko00536,ko04147,ko04516","Collagen,VWA"
OG0019228,AqAm,LOC100706513,0.00310211808461351,0.138354466573762,8153.XP_005939143.1,0,909,"COG5160@1|root,KOG0778@2759|Eukaryota,39UXX@33154|Opisthokonta,3BDIC@33208|Metazoa,3CTYQ@33213|Bilateria,48225@7711|Chordata,49F1C@7742|Vertebrata,4A5EZ@7898|Actinopterygii",O,SUMO sentrin specific peptidase 5,SENP5,"GO:0000902,GO:0000904,GO:0001666,GO:0002682,GO:0002683,GO:0003674,GO:0003824,GO:0004175,GO:0004197,GO:0005488,GO:0005515,GO:0005575,GO:0005622,GO:0005623,GO:0005634,GO:0005635,GO:0005637,GO:0005643,GO:0005654,GO:0005737,GO:0006464,GO:0006508,GO:0006807,GO:0006950,GO:0007275,GO:0007399,GO:0007409,GO:0007417,GO:0008150,GO:0008152,GO:0008233,GO:0008234,GO:0008592,GO:0009628,GO:0009653,GO:0009966,GO:0009968,GO:0009987,GO:0010646,GO:0010648,GO:0012505,GO:0016020,GO:0016043,GO:0016358,GO:0016787,GO:0016925,GO:0016926,GO:0016929,GO:0018193,GO:0018205,GO:0019538,GO:0019783,GO:0019866,GO:0021952,GO:0021953,GO:0021954,GO:0021955,GO:0022008,GO:0023051,GO:0023057,GO:0030030,GO:0030154,GO:0030182,GO:0031090,GO:0031175,GO:0031347,GO:0031348,GO:0031965,GO:0031967,GO:0031974,GO:0031975,GO:0031981,GO:0032101,GO:0032102,GO:0032446,GO:0032501,GO:0032502,GO:0032989,GO:0032990,GO:0032991,GO:0033554,GO:0035203,GO:0035204,GO:0036211,GO:0036293,GO:0036294,GO:0042221,GO:0043170,GO:0043226,GO:0043227,GO:0043229,GO:0043231,GO:0043233,GO:0043412,GO:0044237,GO:0044238,GO:0044260,GO:0044267,GO:0044422,GO:0044424,GO:0044428,GO:0044446,GO:0044464,GO:0045595,GO:0045596,GO:0045610,GO:0045611,GO:0045613,GO:0045614,GO:0045751,GO:0048468,GO:0048519,GO:0048523,GO:0048580,GO:0048581,GO:0048583,GO:0048585,GO:0048666,GO:0048667,GO:0048699,GO:0048731,GO:0048812,GO:0048813,GO:0048856,GO:0048858,GO:0048869,GO:0050727,GO:0050728,GO:0050789,GO:0050793,GO:0050794,GO:0050808,GO:0050896,GO:0051093,GO:0051239,GO:0051241,GO:0051716,GO:0060996,GO:0060997,GO:0061564,GO:0065007,GO:0070011,GO:0070013,GO:0070122,GO:0070137,GO:0070138,GO:0070139,GO:0070140,GO:0070482,GO:0070646,GO:0070647,GO:0070887,GO:0071453,GO:0071456,GO:0071704,GO:0071840,GO:0080134,GO:0097061,GO:0099173,GO:0106027,GO:0120036,GO:0120039,GO:0140096,GO:1901564,GO:1903706,GO:1903707,GO:2000026","ko:K08592,ko:K08594",-,-,-,"ko00000,ko01000,ko01002,ko04121",Peptidase_C48
OG0019474,AqAm,gpc1b,0.0471292566901225,0.372214027749192,106582.XP_004542670.1,0,1062,"KOG3821@1|root,KOG3821@2759|Eukaryota,38SUS@33154|Opisthokonta,3BM3D@33208|Metazoa,3CVGQ@33213|Bilateria,48B1W@7711|Chordata,497ZM@7742|Vertebrata,49U6T@7898|Actinopterygii",T,Cell surface proteoglycan that bears heparan sulfate,GPC1,"GO:0000323,GO:0000902,GO:0000904,GO:0001523,GO:0002376,GO:0003674,GO:0005488,GO:0005507,GO:0005515,GO:0005518,GO:0005575,GO:0005576,GO:0005615,GO:0005622,GO:0005623,GO:0005634,GO:0005654,GO:0005737,GO:0005764,GO:0005768,GO:0005773,GO:0005775,GO:0005794,GO:0005796,GO:0005829,GO:0005886,GO:0006022,GO:0006023,GO:0006024,GO:0006026,GO:0006027,GO:0006029,GO:0006516,GO:0006629,GO:0006720,GO:0006721,GO:0006807,GO:0006928,GO:0006935,GO:0007272,GO:0007275,GO:0007399,GO:0007409,GO:0007411,GO:0007422,GO:0008150,GO:0008152,GO:0008284,GO:0008285,GO:0008366,GO:0009056,GO:0009057,GO:0009058,GO:0009059,GO:0009100,GO:0009605,GO:0009653,GO:0009966,GO:0009968,GO:0009987,GO:0010001,GO:0010646,GO:0010648,GO:0010927,GO:0012505,GO:0014037,GO:0014842,GO:0014857,GO:0014858,GO:0014859,GO:0016020,GO:0016043,GO:0016101,GO:0016202,GO:0016477,GO:0017134,GO:0019538,GO:0019838,GO:0022008,GO:0022607,GO:0023051,GO:0023057,GO:0030030,GO:0030154,GO:0030163,GO:0030167,GO:0030182,GO:0030200,GO:0030201,GO:0030203,GO:0031012,GO:0031175,GO:0031224,GO:0031226,GO:0031410,GO:0031974,GO:0031981,GO:0031982,GO:0032288,GO:0032501,GO:0032502,GO:0032989,GO:0032990,GO:0036477,GO:0040011,GO:0040036,GO:0040037,GO:0042063,GO:0042127,GO:0042221,GO:0042330,GO:0042552,GO:0043025,GO:0043167,GO:0043169,GO:0043170,GO:0043202,GO:0043226,GO:0043227,GO:0043229,GO:0043231,GO:0043233,GO:0043236,GO:0044085,GO:0044237,GO:0044238,GO:0044248,GO:0044255,GO:0044260,GO:0044265,GO:0044297,GO:0044421,GO:0044422,GO:0044424,GO:0044425,GO:0044428,GO:0044431,GO:0044437,GO:0044444,GO:0044446,GO:0044459,GO:0044464,GO:0044877,GO:0045121,GO:0045595,GO:0045596,GO:0045597,GO:0045843,GO:0045844,GO:0046872,GO:0046914,GO:0048468,GO:0048518,GO:0048519,GO:0048522,GO:0048523,GO:0048583,GO:0048585,GO:0048634,GO:0048635,GO:0048636,GO:0048641,GO:0048642,GO:0048643,GO:0048646,GO:0048666,GO:0048667,GO:0048699,GO:0048731,GO:0048812,GO:0048856,GO:0048858,GO:0048869,GO:0048870,GO:0050789,GO:0050793,GO:0050794,GO:0050840,GO:0050896,GO:0050900,GO:0051093,GO:0051094,GO:0051179,GO:0051239,GO:0051240,GO:0051241,GO:0051674,GO:0061564,GO:0065007,GO:0070013,GO:0070052,GO:0071704,GO:0071840,GO:0071944,GO:0090287,GO:0090288,GO:0097458,GO:0097485,GO:0097708,GO:0098589,GO:0098805,GO:0098857,GO:0120036,GO:0120039,GO:1901135,GO:1901136,GO:1901137,GO:1901564,GO:1901565,GO:1901566,GO:1901575,GO:1901576,GO:1901861,GO:1901862,GO:1901863,GO:1902723,GO:1902724,GO:1902725,GO:1902726,GO:2000026,GO:2001014,GO:2001015,GO:2001016",ko:K08107,"ko05205,ko05418,map05205,map05418",-,-,"ko00000,ko00001,ko00535,ko00537",Glypican
OG0020549,AqAm,rtn1a,0.0149488347493112,0.372214027749192,106582.XP_004540624.1,0,1324,"KOG1792@1|root,KOG1792@2759|Eukaryota,39SV8@33154|Opisthokonta,3BIWW@33208|Metazoa,3CXIT@33213|Bilateria,47ZMS@7711|Chordata,48X8W@7742|Vertebrata,49ZWG@7898|Actinopterygii",U,Reticulon,RTN1,"GO:0005575,GO:0005622,GO:0005623,GO:0005634,GO:0005737,GO:0005783,GO:0005789,GO:0005790,GO:0006996,GO:0007029,GO:0007275,GO:0007399,GO:0008150,GO:0009987,GO:0010256,GO:0012505,GO:0016020,GO:0016021,GO:0016043,GO:0022008,GO:0030154,GO:0030176,GO:0030182,GO:0030424,GO:0030426,GO:0030427,GO:0031224,GO:0031227,GO:0031984,GO:0032501,GO:0032502,GO:0033267,GO:0042175,GO:0042995,GO:0043005,GO:0043226,GO:0043227,GO:0043229,GO:0043231,GO:0044295,GO:0044422,GO:0044424,GO:0044425,GO:0044432,GO:0044444,GO:0044446,GO:0044463,GO:0044464,GO:0045169,GO:0048699,GO:0048731,GO:0048856,GO:0048869,GO:0061024,GO:0071786,GO:0071840,GO:0090158,GO:0097458,GO:0098827,GO:0120025,GO:0120038,GO:0150034,GO:1990809",ko:K20721,-,-,-,"ko00000,ko03036,ko04131",Reticulon
OG0024990,AqAm,LOC106098613,0.0441346240117096,0.372214027749192,106582.XP_004567173.1,1.15e-127,365,"2ERHG@1|root,2SUAC@2759|Eukaryota,39QW1@33154|Opisthokonta,3CR37@33208|Metazoa,3DIJM@33213|Bilateria,48KG6@7711|Chordata",T,Immunoglobulin V-set domain,-,-,-,-,-,-,-,V-set
OG0025025,AqAm,LOC100708910,0.0460751194689298,0.372214027749192,8128.ENSONIP00000023165,4.9499999999999986e-247,677,"2D4KB@1|root,2SVGE@2759|Eukaryota,3A6FD@33154|Opisthokonta,3BTDY@33208|Metazoa,3D2Q6@33213|Bilateria,48BXC@7711|Chordata,49DH6@7742|Vertebrata,4A643@7898|Actinopterygii",T,Immunoglobulin V-set domain,-,-,"ko:K06551,ko:K16827","ko04380,map04380",-,-,"ko00000,ko00001,ko04090",V-set
OG0025035,AqAm,LOC100696813,0.045444527219447,0.372214027749192,106582.XP_004571055.1,4.7099999999999993e-231,639,"2EBQD@1|root,2SHRM@2759|Eukaryota,3AFZQ@33154|Opisthokonta,3BXA1@33208|Metazoa,3DD7C@33213|Bilateria,48BSA@7711|Chordata,4997R@7742|Vertebrata",T,Immunoglobulin V-set domain,SIRPD,-,"ko:K06551,ko:K16827","ko04380,map04380",-,-,"ko00000,ko00001,ko04090",V-set
OG0025633,AqAm,LOC109197468,0.0454641590378716,0.372214027749192,8128.ENSONIP00000000409,0,966,"2CMEU@1|root,2QQ5W@2759|Eukaryota,38E7N@33154|Opisthokonta,3BF2D@33208|Metazoa,3CTMS@33213|Bilateria,480S2@7711|Chordata,48X2Z@7742|Vertebrata,4A295@7898|Actinopterygii",T,CD5 molecule-like,-,-,ko:K13912,"ko04970,map04970",-,-,"ko00000,ko00001",SRCR
OG0026255,AqAm,LOC112844145,0.018810320761628,0.372214027749192,8153.XP_005950769.1,2.36e-78,238,"2D4KB@1|root,2SVGE@2759|Eukaryota,3A6FD@33154|Opisthokonta,3BTDY@33208|Metazoa,3D2Q6@33213|Bilateria,48C1S@7711|Chordata",T,monocyte extravasation,AMICA1,"GO:0001775,GO:0002376,GO:0002682,GO:0003674,GO:0005102,GO:0005178,GO:0005488,GO:0005515,GO:0005575,GO:0005623,GO:0005886,GO:0005911,GO:0005923,GO:0006928,GO:0006935,GO:0006950,GO:0007155,GO:0007157,GO:0008150,GO:0008284,GO:0009605,GO:0009611,GO:0009987,GO:0016020,GO:0016477,GO:0022610,GO:0030054,GO:0030593,GO:0030595,GO:0035696,GO:0040011,GO:0042060,GO:0042110,GO:0042127,GO:0042221,GO:0042330,GO:0042802,GO:0042803,GO:0043296,GO:0044464,GO:0044877,GO:0045123,GO:0045321,GO:0046629,GO:0046649,GO:0046983,GO:0048518,GO:0048522,GO:0048583,GO:0048870,GO:0050678,GO:0050679,GO:0050776,GO:0050789,GO:0050794,GO:0050839,GO:0050896,GO:0050900,GO:0051179,GO:0051674,GO:0051716,GO:0060054,GO:0060326,GO:0065007,GO:0070160,GO:0070887,GO:0071621,GO:0071674,GO:0071944,GO:0072672,GO:0097529,GO:0097530,GO:0098609,GO:0098742,GO:1990266",-,-,-,-,-,V-set
OG0026360,AqAm,LOC112846279,0.0466622357163429,0.372214027749192,106582.XP_004570660.1,2.6799999999999996e-72,230,"2CW8R@1|root,2RTVX@2759|Eukaryota,39NX6@33154|Opisthokonta,3CQFH@33208|Metazoa,3DHJU@33213|Bilateria,48SQU@7711|Chordata,49P8I@7742|Vertebrata,4A91T@7898|Actinopterygii",T,Immunoglobulin,-,-,-,-,-,-,-,-
OG0001646,AqCor,LOC100706076,0.0476074385730881,0.274536229104808,8153.XP_005948640.1,0,906,"KOG4193@1|root,KOG4193@2759|Eukaryota,39V0W@33154|Opisthokonta,3BJCF@33208|Metazoa,3CRMW@33213|Bilateria,480DT@7711|Chordata,496WB@7742|Vertebrata,49YKX@7898|Actinopterygii",T,G-protein coupled receptor,GPR114,"GO:0003674,GO:0004888,GO:0004930,GO:0005575,GO:0007154,GO:0007165,GO:0007186,GO:0008150,GO:0009987,GO:0016020,GO:0016021,GO:0023052,GO:0031224,GO:0038023,GO:0044425,GO:0050789,GO:0050794,GO:0050896,GO:0051716,GO:0060089,GO:0065007","ko:K08451,ko:K08459,ko:K08463",-,-,-,"ko00000,ko04030","7tm_2,GPS"
OG0002192,AqCor,LOC109204524,0.0401109326441459,0.239282460256457,32507.XP_006781393.1,2.7999999999999993e-166,468,"2CYKB@1|root,2S4YI@2759|Eukaryota,3A7ZF@33154|Opisthokonta,3BT48@33208|Metazoa,3D9A8@33213|Bilateria,48G22@7711|Chordata,49D0S@7742|Vertebrata,4A4KD@7898|Actinopterygii",S,Leucine-rich repeat neuronal protein 4-like,lrrn4cl,-,-,-,-,-,-,-
OG0002334,AqCor,si_zfos-741a10.3,2.19321314000037e-4,0.0189712936610032,106582.XP_004571782.1,3.87e-17,86.7,"2D2GA@1|root,2SMSH@2759|Eukaryota,3AKF0@33154|Opisthokonta,3C07V@33208|Metazoa,3DG7P@33213|Bilateria,48JHV@7711|Chordata,49GG0@7742|Vertebrata,4A7EX@7898|Actinopterygii",T,isoform X1,-,-,-,-,-,-,-,-
OG0003101,AqCor,pecam1a,0.0185026406865259,0.228639774197784,8128.ENSONIP00000024467,0,1533,"2DMWR@1|root,2QW63@2759|Eukaryota,38SJP@33154|Opisthokonta,3BDGW@33208|Metazoa,3CZU1@33213|Bilateria,482SR@7711|Chordata,48WJB@7742|Vertebrata,49VFM@7898|Actinopterygii",T,Platelet endothelial cell adhesion,PECAM1,"GO:0000902,GO:0000904,GO:0001525,GO:0001568,GO:0001655,GO:0001667,GO:0001726,GO:0001775,GO:0001822,GO:0001885,GO:0001886,GO:0001932,GO:0001933,GO:0001934,GO:0001944,GO:0002064,GO:0002252,GO:0002263,GO:0002274,GO:0002275,GO:0002283,GO:0002366,GO:0002376,GO:0002443,GO:0002444,GO:0002446,GO:0002576,GO:0002682,GO:0002684,GO:0002685,GO:0002687,GO:0002691,GO:0002693,GO:0003158,GO:0003382,GO:0003674,GO:0005488,GO:0005515,GO:0005575,GO:0005576,GO:0005615,GO:0005622,GO:0005623,GO:0005737,GO:0005886,GO:0006810,GO:0006887,GO:0006897,GO:0006909,GO:0006928,GO:0006950,GO:0006952,GO:0006955,GO:0007154,GO:0007155,GO:0007156,GO:0007159,GO:0007160,GO:0007165,GO:0007264,GO:0007265,GO:0007266,GO:0007275,GO:0008037,GO:0008064,GO:0008150,GO:0009611,GO:0009653,GO:0009719,GO:0009888,GO:0009892,GO:0009893,GO:0009897,GO:0009966,GO:0009967,GO:0009986,GO:0009987,GO:0010033,GO:0010562,GO:0010563,GO:0010604,GO:0010605,GO:0010631,GO:0010639,GO:0010646,GO:0010647,GO:0012505,GO:0012506,GO:0014070,GO:0016020,GO:0016043,GO:0016192,GO:0016477,GO:0019220,GO:0019222,GO:0019899,GO:0019902,GO:0019903,GO:0022610,GO:0023051,GO:0023052,GO:0023056,GO:0030141,GO:0030154,GO:0030198,GO:0030334,GO:0030335,GO:0030485,GO:0030659,GO:0030667,GO:0030832,GO:0030833,GO:0030837,GO:0030855,GO:0031090,GO:0031091,GO:0031092,GO:0031252,GO:0031323,GO:0031324,GO:0031325,GO:0031333,GO:0031399,GO:0031400,GO:0031401,GO:0031410,GO:0031589,GO:0031982,GO:0032268,GO:0032269,GO:0032270,GO:0032271,GO:0032272,GO:0032501,GO:0032502,GO:0032535,GO:0032835,GO:0032879,GO:0032940,GO:0032956,GO:0032970,GO:0032989,GO:0033043,GO:0034097,GO:0034260,GO:0034341,GO:0035239,GO:0035295,GO:0035556,GO:0036230,GO:0040011,GO:0040012,GO:0040017,GO:0042060,GO:0042119,GO:0042221,GO:0042325,GO:0042326,GO:0042327,GO:0042509,GO:0042531,GO:0042802,GO:0042803,GO:0042995,GO:0043062,GO:0043086,GO:0043087,GO:0043226,GO:0043227,GO:0043228,GO:0043229,GO:0043232,GO:0043254,GO:0043292,GO:0043299,GO:0043312,GO:0043542,GO:0044087,GO:0044092,GO:0044421,GO:0044422,GO:0044424,GO:0044425,GO:0044433,GO:0044444,GO:0044446,GO:0044449,GO:0044459,GO:0044464,GO:0045055,GO:0045087,GO:0045121,GO:0045123,GO:0045321,GO:0045446,GO:0045936,GO:0045937,GO:0046425,GO:0046427,GO:0046903,GO:0046983,GO:0048468,GO:0048513,GO:0048514,GO:0048518,GO:0048519,GO:0048522,GO:0048523,GO:0048583,GO:0048584,GO:0048646,GO:0048731,GO:0048856,GO:0048869,GO:0048870,GO:0050730,GO:0050731,GO:0050732,GO:0050789,GO:0050790,GO:0050794,GO:0050896,GO:0050900,GO:0050904,GO:0051128,GO:0051129,GO:0051171,GO:0051172,GO:0051173,GO:0051174,GO:0051179,GO:0051234,GO:0051246,GO:0051247,GO:0051248,GO:0051270,GO:0051272,GO:0051336,GO:0051346,GO:0051493,GO:0051494,GO:0051674,GO:0051716,GO:0060255,GO:0060429,GO:0061437,GO:0061440,GO:0065007,GO:0065008,GO:0065009,GO:0070848,GO:0070887,GO:0071310,GO:0071345,GO:0071346,GO:0071363,GO:0071407,GO:0071495,GO:0071559,GO:0071560,GO:0071840,GO:0071944,GO:0072001,GO:0072006,GO:0072009,GO:0072010,GO:0072011,GO:0072012,GO:0072073,GO:0072358,GO:0072359,GO:0072672,GO:0080090,GO:0090066,GO:0090130,GO:0090132,GO:0090673,GO:0097529,GO:0097530,GO:0097708,GO:0098552,GO:0098588,GO:0098589,GO:0098609,GO:0098657,GO:0098742,GO:0098805,GO:0098857,GO:0099080,GO:0099081,GO:0099503,GO:0099512,GO:0110053,GO:0120025,GO:1902531,GO:1902533,GO:1902903,GO:1902904,GO:1904892,GO:1904894,GO:1990266,GO:2000145,GO:2000147",ko:K06471,"ko04514,ko04670,ko05144,ko05418,map04514,map04670,map05144,map05418",-,-,"ko00000,ko00001,ko00536,ko04090,ko04091,ko04516","Ig_2,Ig_3,ig"
OG0003357,AqCor,LOC102081443,0.00276884825834113,0.0958021497386032,32507.XP_006791514.1,0,1460,"28MHH@1|root,2QVUX@2759|Eukaryota,39K06@33154|Opisthokonta,3BKC7@33208|Metazoa,3D2H5@33213|Bilateria,488PJ@7711|Chordata,48Z6P@7742|Vertebrata,4A8NU@7898|Actinopterygii",S,Nuclear GTPase,NUGGC,"GO:0002200,GO:0002237,GO:0002376,GO:0002377,GO:0002440,GO:0002520,GO:0002566,GO:0003674,GO:0003824,GO:0003924,GO:0005575,GO:0005622,GO:0005623,GO:0005634,GO:0006950,GO:0006974,GO:0007275,GO:0008150,GO:0009605,GO:0009607,GO:0009617,GO:0009987,GO:0010033,GO:0010941,GO:0016445,GO:0016446,GO:0016462,GO:0016787,GO:0016817,GO:0016818,GO:0017111,GO:0032496,GO:0032501,GO:0032502,GO:0033554,GO:0033993,GO:0042221,GO:0042981,GO:0043066,GO:0043067,GO:0043069,GO:0043207,GO:0043226,GO:0043227,GO:0043229,GO:0043231,GO:0044424,GO:0044464,GO:0048519,GO:0048523,GO:0048731,GO:0048856,GO:0050789,GO:0050794,GO:0050896,GO:0051704,GO:0051707,GO:0051716,GO:0060548,GO:0065007,GO:0065008,GO:0070887,GO:0071216,GO:0071219,GO:0071222,GO:0071310,GO:0071396,GO:0097752,GO:1901700,GO:1901701",-,-,-,-,-,Dynamin_N
OG0004060,AqCor,LOC102080165,1.67695680412855e-6,2.9011352711424e-4,144197.XP_008286766.1,3.36e-19,99,"2E05S@1|root,2S7MA@2759|Eukaryota,3A82B@33154|Opisthokonta,3BTG3@33208|Metazoa,3DA4Q@33213|Bilateria,48G8Z@7711|Chordata,49CUJ@7742|Vertebrata,4A8IH@7898|Actinopterygii",S,Immunoglobulin V-set domain,-,-,"ko:K06719,ko:K20395",-,-,-,"ko00000,ko04090",V-set
OG0006635,AqCor,LOC100703406,0.00119965739747986,0.0518851824410038,106582.XP_004566197.1,0,890,"KOG3545@1|root,KOG3545@2759|Eukaryota,38CXN@33154|Opisthokonta,3BB5U@33208|Metazoa,3CVIM@33213|Bilateria,48084@7711|Chordata,494VG@7742|Vertebrata,4A1E6@7898|Actinopterygii",W,Olfactomedin-4-like,-,-,-,-,-,-,-,OLF
OG0007115,AqCor,eng,0.0113491942514287,0.163617550458097,32507.XP_006789048.1,0,987,"2ASP5@1|root,2QWGX@2759|Eukaryota,39WRN@33154|Opisthokonta,3BNTY@33208|Metazoa,3D5RF@33213|Bilateria,485GK@7711|Chordata,49906@7742|Vertebrata,49XV2@7898|Actinopterygii",S,Endoglin,ENG,-,-,-,-,-,-,-
OG0007242,AqCor,mpx,0.035287855294377,0.239282460256457,8128.ENSONIP00000004478,0,1491,"KOG2408@1|root,KOG2408@2759|Eukaryota,39TE7@33154|Opisthokonta,3BD2Z@33208|Metazoa,3CRDJ@33213|Bilateria,47Z4Y@7711|Chordata,48VVQ@7742|Vertebrata,4A21J@7898|Actinopterygii",S,Myeloid-specific peroxidase,MPO,"GO:0000302,GO:0000303,GO:0000305,GO:0000323,GO:0001775,GO:0001817,GO:0001818,GO:0001819,GO:0001878,GO:0002148,GO:0002149,GO:0002215,GO:0002252,GO:0002263,GO:0002274,GO:0002275,GO:0002283,GO:0002366,GO:0002376,GO:0002443,GO:0002444,GO:0002446,GO:0002679,GO:0003674,GO:0003682,GO:0003824,GO:0004601,GO:0005488,GO:0005539,GO:0005575,GO:0005576,GO:0005615,GO:0005622,GO:0005623,GO:0005634,GO:0005737,GO:0005764,GO:0005766,GO:0005773,GO:0005775,GO:0006082,GO:0006801,GO:0006810,GO:0006887,GO:0006928,GO:0006950,GO:0006952,GO:0006955,GO:0006979,GO:0008150,GO:0008152,GO:0008201,GO:0009056,GO:0009058,GO:0009605,GO:0009607,GO:0009617,GO:0009620,GO:0009636,GO:0009987,GO:0010035,GO:0010941,GO:0012505,GO:0016043,GO:0016192,GO:0016209,GO:0016477,GO:0016491,GO:0016684,GO:0016999,GO:0017001,GO:0017144,GO:0019430,GO:0030141,GO:0031410,GO:0031974,GO:0031982,GO:0031983,GO:0032501,GO:0032653,GO:0032673,GO:0032674,GO:0032693,GO:0032714,GO:0032753,GO:0032940,GO:0033554,GO:0034367,GO:0034368,GO:0034369,GO:0034374,GO:0034599,GO:0034614,GO:0034774,GO:0035578,GO:0036230,GO:0040008,GO:0040011,GO:0042119,GO:0042221,GO:0042582,GO:0042737,GO:0042742,GO:0042743,GO:0042744,GO:0042981,GO:0043062,GO:0043066,GO:0043067,GO:0043069,GO:0043167,GO:0043168,GO:0043207,GO:0043226,GO:0043227,GO:0043229,GO:0043231,GO:0043233,GO:0043299,GO:0043312,GO:0043436,GO:0043900,GO:0043901,GO:0043903,GO:0043933,GO:0044126,GO:0044130,GO:0044144,GO:0044146,GO:0044237,GO:0044248,GO:0044281,GO:0044283,GO:0044421,GO:0044422,GO:0044424,GO:0044433,GO:0044437,GO:0044444,GO:0044446,GO:0044464,GO:0045055,GO:0045321,GO:0045730,GO:0045926,GO:0046903,GO:0048518,GO:0048519,GO:0048523,GO:0048870,GO:0050789,GO:0050794,GO:0050832,GO:0050896,GO:0050900,GO:0051179,GO:0051186,GO:0051187,GO:0051234,GO:0051239,GO:0051240,GO:0051241,GO:0051674,GO:0051704,GO:0051707,GO:0051716,GO:0055114,GO:0060205,GO:0060548,GO:0065007,GO:0070013,GO:0070887,GO:0071450,GO:0071451,GO:0071704,GO:0071825,GO:0071827,GO:0071840,GO:0072593,GO:0072677,GO:0097006,GO:0097237,GO:0097367,GO:0097529,GO:0097530,GO:0097708,GO:0098542,GO:0098754,GO:0098869,GO:0099503,GO:1901681,GO:1901700,GO:1901701,GO:1903409,GO:1990748","ko:K00431,ko:K10788,ko:K10789","ko00350,ko00983,ko01100,ko04145,ko04918,ko05202,ko05221,ko05310,ko05320,map00350,map00983,map01100,map04145,map04918,map05202,map05221,map05310,map05320",M00043,"R03208,R03539,R03953,R03973,R11906","ko00000,ko00001,ko00002,ko01000,ko04147",An_peroxidase
OG0008077,AqCor,LOC106097887,4.35196317552774e-4,0.0250963209788766,106582.XP_004575186.1,0,2442,"KOG1216@1|root,KOG1225@1|root,KOG1216@2759|Eukaryota,KOG1225@2759|Eukaryota,38BYG@33154|Opisthokonta,3BBY5@33208|Metazoa,3CRZ6@33213|Bilateria,4839A@7711|Chordata,48WYQ@7742|Vertebrata,49R8D@7898|Actinopterygii",VW,Mucin-2-like,MUC2,"GO:0001894,GO:0002064,GO:0002376,GO:0003008,GO:0003674,GO:0005488,GO:0005515,GO:0005575,GO:0005576,GO:0006915,GO:0006950,GO:0006952,GO:0006955,GO:0006959,GO:0007586,GO:0007599,GO:0008150,GO:0008219,GO:0008285,GO:0009611,GO:0009888,GO:0009987,GO:0010669,GO:0010941,GO:0010942,GO:0012501,GO:0022600,GO:0030154,GO:0030277,GO:0030334,GO:0030336,GO:0030855,GO:0031012,GO:0032501,GO:0032502,GO:0032879,GO:0040012,GO:0040013,GO:0042060,GO:0042127,GO:0042381,GO:0042592,GO:0042802,GO:0042803,GO:0042981,GO:0043065,GO:0043067,GO:0043068,GO:0044421,GO:0045087,GO:0046983,GO:0048468,GO:0048518,GO:0048519,GO:0048522,GO:0048523,GO:0048856,GO:0048869,GO:0048871,GO:0050789,GO:0050794,GO:0050817,GO:0050878,GO:0050896,GO:0051270,GO:0051271,GO:0060249,GO:0060429,GO:0065007,GO:0065008,GO:0070701,GO:0070702,GO:0070703,GO:2000145,GO:2000146","ko:K03900,ko:K10955,ko:K21125,ko:K22020","ko04151,ko04510,ko04512,ko04610,ko04611,ko04657,ko05146,ko05165,ko05226,map04151,map04510,map04512,map04610,map04611,map04657,map05146,map05165,map05226",-,-,"ko00000,ko00001,ko03110,ko04131,ko04147,ko04516","C8,Cys_knot,F5_F8_type_C,Mucin2_WxxW,TIL,VWD"
OG0008441,AqCor,LOC106098375,0.0323670047180419,0.239282460256457,106582.XP_004570834.1,0,5724,"KOG3594@1|root,KOG3594@2759|Eukaryota,38CIW@33154|Opisthokonta,3CNY1@33208|Metazoa,3CTNF@33213|Bilateria,48HGF@7711|Chordata,49EZP@7742|Vertebrata",T,Cadherin cytoplasmic region,hmr-1,"GO:0000132,GO:0000226,GO:0000278,GO:0000902,GO:0000904,GO:0001558,GO:0001654,GO:0001667,GO:0001736,GO:0001738,GO:0001745,GO:0001751,GO:0001754,GO:0002009,GO:0002064,GO:0003381,GO:0003382,GO:0003383,GO:0003384,GO:0003674,GO:0005488,GO:0005509,GO:0005515,GO:0005575,GO:0005623,GO:0005886,GO:0005887,GO:0005911,GO:0005912,GO:0005913,GO:0006928,GO:0006935,GO:0006996,GO:0007010,GO:0007016,GO:0007017,GO:0007049,GO:0007154,GO:0007155,GO:0007156,GO:0007163,GO:0007164,GO:0007275,GO:0007369,GO:0007389,GO:0007399,GO:0007409,GO:0007411,GO:0007412,GO:0007413,GO:0007423,GO:0008013,GO:0008037,GO:0008038,GO:0008104,GO:0008150,GO:0008361,GO:0009605,GO:0009653,GO:0009790,GO:0009792,GO:0009887,GO:0009888,GO:0009987,GO:0010721,GO:0010769,GO:0010771,GO:0010975,GO:0010977,GO:0016020,GO:0016021,GO:0016043,GO:0016049,GO:0016318,GO:0016339,GO:0016342,GO:0016477,GO:0019897,GO:0019898,GO:0022008,GO:0022402,GO:0022603,GO:0022604,GO:0022610,GO:0030010,GO:0030029,GO:0030030,GO:0030036,GO:0030048,GO:0030054,GO:0030154,GO:0030182,GO:0030424,GO:0030425,GO:0030516,GO:0030855,GO:0030865,GO:0030866,GO:0031175,GO:0031224,GO:0031226,GO:0031290,GO:0031344,GO:0031345,GO:0032101,GO:0032501,GO:0032502,GO:0032507,GO:0032535,GO:0032879,GO:0032989,GO:0032990,GO:0032991,GO:0033036,GO:0034613,GO:0036477,GO:0040001,GO:0040007,GO:0040008,GO:0040011,GO:0040012,GO:0042051,GO:0042067,GO:0042074,GO:0042221,GO:0042330,GO:0042461,GO:0042462,GO:0042802,GO:0042803,GO:0042995,GO:0043005,GO:0043167,GO:0043169,GO:0044214,GO:0044331,GO:0044425,GO:0044459,GO:0044463,GO:0044464,GO:0045185,GO:0045296,GO:0045463,GO:0045465,GO:0045466,GO:0045467,GO:0045595,GO:0045596,GO:0045664,GO:0045665,GO:0046530,GO:0046872,GO:0046983,GO:0048468,GO:0048513,GO:0048519,GO:0048523,GO:0048583,GO:0048588,GO:0048589,GO:0048592,GO:0048598,GO:0048638,GO:0048666,GO:0048667,GO:0048675,GO:0048699,GO:0048729,GO:0048731,GO:0048749,GO:0048812,GO:0048814,GO:0048841,GO:0048846,GO:0048856,GO:0048858,GO:0048869,GO:0048870,GO:0050767,GO:0050768,GO:0050770,GO:0050773,GO:0050774,GO:0050789,GO:0050793,GO:0050794,GO:0050839,GO:0050896,GO:0050920,GO:0051093,GO:0051128,GO:0051129,GO:0051179,GO:0051234,GO:0051235,GO:0051239,GO:0051241,GO:0051270,GO:0051293,GO:0051294,GO:0051640,GO:0051641,GO:0051649,GO:0051651,GO:0051653,GO:0051656,GO:0051674,GO:0051960,GO:0051961,GO:0060284,GO:0060429,GO:0060560,GO:0061387,GO:0061564,GO:0065007,GO:0065008,GO:0070097,GO:0070161,GO:0070252,GO:0070727,GO:0071840,GO:0071944,GO:0089717,GO:0090066,GO:0090596,GO:0097447,GO:0097458,GO:0097485,GO:0098609,GO:0098742,GO:0098796,GO:0098797,GO:0106030,GO:0120025,GO:0120035,GO:0120036,GO:0120038,GO:0120039,GO:1902284,GO:1902667,GO:1902850,GO:1903047,GO:1990138,GO:2000026,GO:2000171",ko:K16506,-,-,-,"ko00000,ko04147,ko04516","Cadherin,Cadherin_C,EGF,Laminin_G_2,hEGF"
OG0008667,AqCor,LOC102078859,0.01077958895733,0.163617550458097,8128.ENSONIP00000022825,0,1043,"2CMEU@1|root,2QQ5W@2759|Eukaryota,38E7N@33154|Opisthokonta",T,scavenger receptor activity,-,-,ko:K06545,-,-,-,"ko00000,ko04090",SRCR
OG0009025,AqCor,svild,0.0274040667765382,0.239282460256457,106582.XP_004567579.1,0,2687,"KOG0445@1|root,KOG0445@2759|Eukaryota,38D8G@33154|Opisthokonta,3BCUN@33208|Metazoa,3CV9H@33213|Bilateria,48AT1@7711|Chordata,493BF@7742|Vertebrata,49TXX@7898|Actinopterygii",Z,Supervillin-like,-,"GO:0003674,GO:0003779,GO:0005488,GO:0005515,GO:0008092",ko:K10369,-,-,-,"ko00000,ko04812","Gelsolin,VHP"
OG0009403,AqCor,LOC100711979,0.0109505159906832,0.163617550458097,8153.XP_005923834.1,0,2056,"KOG4807@1|root,KOG4807@2759|Eukaryota,38B4Y@33154|Opisthokonta,3B9U4@33208|Metazoa,3D38A@33213|Bilateria,47ZU9@7711|Chordata,490GZ@7742|Vertebrata,4A760@7898|Actinopterygii",T,Myosin phosphatase,osp,-,ko:K20478,-,-,-,"ko00000,ko04131",PH
OG0010758,AqCor,tmigd1,0.0144304968272448,0.192036611624104,8128.ENSONIP00000006082,2.5499999999999995e-171,479,"2AWM8@1|root,2RZR9@2759|Eukaryota,3A2KG@33154|Opisthokonta,3BQHQ@33208|Metazoa,3D7YE@33213|Bilateria,48RZ1@7711|Chordata,49NDX@7742|Vertebrata,4A3RJ@7898|Actinopterygii",T,Transmembrane and immunoglobulin,tmigd1,"GO:0005575,GO:0005622,GO:0005623,GO:0005737,GO:0005886,GO:0008150,GO:0010941,GO:0016020,GO:0030334,GO:0032879,GO:0040012,GO:0042127,GO:0042981,GO:0043066,GO:0043067,GO:0043069,GO:0044424,GO:0044464,GO:0048519,GO:0048523,GO:0050789,GO:0050794,GO:0051270,GO:0060548,GO:0065007,GO:0065008,GO:0071944,GO:0090559,GO:2000145",-,-,-,-,-,"Ig_2,Ig_3,ig"
OG0011523,AqCor,ccn3,0.0385194956763783,0.239282460256457,8128.ENSONIP00000008857,1.3600000000000001e-273,746,"2C4BF@1|root,2QR9V@2759|Eukaryota,38FRG@33154|Opisthokonta,3BGTZ@33208|Metazoa,3CSCV@33213|Bilateria,4874X@7711|Chordata,494MC@7742|Vertebrata,4A0BQ@7898|Actinopterygii",W,Nephroblastoma overexpressed,NOV,"GO:0001501,GO:0001525,GO:0001558,GO:0001568,GO:0001667,GO:0001944,GO:0002062,GO:0002682,GO:0002683,GO:0002685,GO:0002686,GO:0002688,GO:0002689,GO:0002791,GO:0002792,GO:0003674,GO:0005102,GO:0005112,GO:0005178,GO:0005488,GO:0005515,GO:0005539,GO:0005575,GO:0005576,GO:0005622,GO:0005623,GO:0005737,GO:0005911,GO:0005921,GO:0006928,GO:0006935,GO:0006950,GO:0007154,GO:0007155,GO:0007165,GO:0007267,GO:0007275,GO:0008083,GO:0008150,GO:0008201,GO:0008283,GO:0008285,GO:0008593,GO:0009605,GO:0009611,GO:0009653,GO:0009888,GO:0009966,GO:0009967,GO:0009968,GO:0009987,GO:0010468,GO:0010469,GO:0010631,GO:0010646,GO:0010647,GO:0010648,GO:0010761,GO:0010817,GO:0010830,GO:0010832,GO:0010941,GO:0014812,GO:0014909,GO:0016477,GO:0019222,GO:0022610,GO:0023051,GO:0023052,GO:0023056,GO:0023057,GO:0030054,GO:0030154,GO:0030308,GO:0030334,GO:0030336,GO:0030424,GO:0030425,GO:0030545,GO:0031012,GO:0031099,GO:0031347,GO:0031348,GO:0031644,GO:0031645,GO:0032101,GO:0032102,GO:0032501,GO:0032502,GO:0032879,GO:0032880,GO:0033002,GO:0033627,GO:0035239,GO:0035295,GO:0035767,GO:0036477,GO:0040007,GO:0040008,GO:0040011,GO:0040012,GO:0040013,GO:0042060,GO:0042127,GO:0042221,GO:0042246,GO:0042330,GO:0042592,GO:0042995,GO:0043005,GO:0043025,GO:0043167,GO:0043168,GO:0043226,GO:0043227,GO:0043229,GO:0043231,GO:0043542,GO:0044057,GO:0044297,GO:0044342,GO:0044421,GO:0044424,GO:0044463,GO:0044464,GO:0044877,GO:0045595,GO:0045596,GO:0045747,GO:0045926,GO:0046676,GO:0046883,GO:0046888,GO:0048018,GO:0048513,GO:0048514,GO:0048518,GO:0048519,GO:0048522,GO:0048523,GO:0048583,GO:0048584,GO:0048585,GO:0048589,GO:0048646,GO:0048659,GO:0048731,GO:0048856,GO:0048869,GO:0048870,GO:0048872,GO:0050673,GO:0050708,GO:0050709,GO:0050727,GO:0050728,GO:0050789,GO:0050793,GO:0050794,GO:0050796,GO:0050839,GO:0050896,GO:0050920,GO:0050922,GO:0051046,GO:0051048,GO:0051049,GO:0051051,GO:0051093,GO:0051128,GO:0051147,GO:0051148,GO:0051153,GO:0051154,GO:0051179,GO:0051216,GO:0051223,GO:0051224,GO:0051239,GO:0051241,GO:0051270,GO:0051271,GO:0051674,GO:0051716,GO:0051930,GO:0051931,GO:0060255,GO:0060326,GO:0060390,GO:0060392,GO:0060548,GO:0061448,GO:0061484,GO:0065007,GO:0065008,GO:0065009,GO:0070201,GO:0070887,GO:0071603,GO:0071675,GO:0071676,GO:0072358,GO:0072359,GO:0080134,GO:0090025,GO:0090027,GO:0090087,GO:0090092,GO:0090101,GO:0090130,GO:0090132,GO:0090136,GO:0090276,GO:0090278,GO:0097367,GO:0097447,GO:0097458,GO:0098609,GO:0098772,GO:0120025,GO:0120038,GO:1901222,GO:1901223,GO:1901681,GO:1902531,GO:1902532,GO:1902731,GO:1903530,GO:1903531,GO:1904057,GO:1904950,GO:1990523,GO:2000145,GO:2000146",-,-,-,-,-,"Cys_knot,IGFBP,TSP_1,VWC"
OG0011554,AqCor,LOC100702889,0.00930339016743386,0.163617550458097,8128.ENSONIP00000009023,6.419999999999999e-177,499,"KOG3656@1|root,KOG3656@2759|Eukaryota,38F1F@33154|Opisthokonta,3BAEM@33208|Metazoa,3CYGE@33213|Bilateria,47ZW4@7711|Chordata,48VP6@7742|Vertebrata,49VWZ@7898|Actinopterygii",T,c-C chemokine receptor type,-,-,"ko:K04176,ko:K04177,ko:K04179,ko:K04180,ko:K04183,ko:K04187","ko04060,ko04062,ko04144,ko05145,ko05167,ko05203,map04060,map04062,map04144,map05145,map05167,map05203",-,-,"ko00000,ko00001,ko04030,ko04050,ko04090",7tm_1
OG0012171,AqCor,LOC109194215,0.0331921628774095,0.239282460256457,303518.XP_005755293.1,6.06e-123,358,"29WEF@1|root,2RXPD@2759|Eukaryota,39R3S@33154|Opisthokonta,3BI39@33208|Metazoa,3D3EB@33213|Bilateria,48AY4@7711|Chordata,493CQ@7742|Vertebrata,4A38V@7898|Actinopterygii",T,Carcinoembryonic antigen-related cell adhesion molecule,-,-,ko:K06499,-,-,-,"ko00000,ko00537,ko04090,ko04147,ko04516","I-set,Ig_2,Ig_3,V-set"
OG0012175,AqCor,LOC100703577,0.030652529246322,0.239282460256457,8128.ENSONIP00000014427,0,2184,"KOG4475@1|root,KOG4475@2759|Eukaryota",U,"coreceptor activity involved in Wnt signaling pathway, planar cell polarity pathway",-,-,ko:K06548,"ko04514,map04514",-,-,"ko00000,ko00001,ko04090,ko04091,ko04516","I-set,Ig_3"
OG0013394,AqCor,lifra,0.00665317173666122,0.143874838805299,8128.ENSONIP00000018198,0,2006,"28I4T@1|root,2QQF6@2759|Eukaryota,39S1B@33154|Opisthokonta,3BHE5@33208|Metazoa,3CXW7@33213|Bilateria,486DG@7711|Chordata,494D4@7742|Vertebrata,4A25Z@7898|Actinopterygii",T,Leukemia inhibitory factor,LIFR,"GO:0000902,GO:0001959,GO:0003674,GO:0004888,GO:0004896,GO:0004897,GO:0004923,GO:0005102,GO:0005126,GO:0005127,GO:0005488,GO:0005515,GO:0005575,GO:0005576,GO:0005623,GO:0005886,GO:0005887,GO:0007154,GO:0007165,GO:0007166,GO:0007167,GO:0007275,GO:0007399,GO:0008150,GO:0008284,GO:0009653,GO:0009966,GO:0009987,GO:0010033,GO:0010646,GO:0010656,GO:0010660,GO:0010941,GO:0014070,GO:0016020,GO:0016021,GO:0016043,GO:0019221,GO:0019838,GO:0019955,GO:0022008,GO:0023051,GO:0023052,GO:0030030,GO:0030154,GO:0030182,GO:0031099,GO:0031100,GO:0031175,GO:0031224,GO:0031226,GO:0032501,GO:0032502,GO:0032989,GO:0032990,GO:0032991,GO:0034097,GO:0038023,GO:0038165,GO:0042127,GO:0042221,GO:0042981,GO:0043066,GO:0043067,GO:0043069,GO:0043235,GO:0044425,GO:0044459,GO:0044464,GO:0046982,GO:0046983,GO:0048468,GO:0048513,GO:0048518,GO:0048519,GO:0048522,GO:0048523,GO:0048583,GO:0048666,GO:0048699,GO:0048731,GO:0048812,GO:0048856,GO:0048858,GO:0048861,GO:0048869,GO:0050789,GO:0050794,GO:0050896,GO:0051716,GO:0060089,GO:0060548,GO:0060759,GO:0065007,GO:0070120,GO:0070887,GO:0071310,GO:0071345,GO:0071840,GO:0071944,GO:0120036,GO:0120039",ko:K05058,"ko04060,ko04550,ko04630,map04060,map04550,map04630",-,-,"ko00000,ko00001,ko04050,ko04090",fn3
OG0014528,AqCor,LOC100692960,0.00614946757486104,0.143874838805299,32507.XP_006807715.1,1.5199999999999998e-243,680,"KOG1033@1|root,KOG1033@2759|Eukaryota,38F0X@33154|Opisthokonta,3BJRI@33208|Metazoa,3D2ZQ@33213|Bilateria,489PA@7711|Chordata,490IJ@7742|Vertebrata,49QDV@7898|Actinopterygii",T,Eukaryotic translation initiation factor 2-alpha kinase,EIF2AK2,"GO:0000186,GO:0001817,GO:0001819,GO:0001932,GO:0001934,GO:0002237,GO:0002682,GO:0003674,GO:0003676,GO:0003723,GO:0003725,GO:0003824,GO:0004672,GO:0004674,GO:0004694,GO:0005488,GO:0005515,GO:0005575,GO:0005622,GO:0005623,GO:0005634,GO:0005737,GO:0005829,GO:0005840,GO:0006355,GO:0006412,GO:0006417,GO:0006446,GO:0006464,GO:0006468,GO:0006518,GO:0006793,GO:0006796,GO:0006807,GO:0006950,GO:0006986,GO:0007154,GO:0007165,GO:0007584,GO:0008150,GO:0008152,GO:0008285,GO:0009058,GO:0009059,GO:0009267,GO:0009605,GO:0009607,GO:0009612,GO:0009615,GO:0009617,GO:0009628,GO:0009636,GO:0009889,GO:0009890,GO:0009892,GO:0009893,GO:0009966,GO:0009967,GO:0009987,GO:0009991,GO:0010033,GO:0010467,GO:0010468,GO:0010556,GO:0010558,GO:0010562,GO:0010604,GO:0010605,GO:0010608,GO:0010629,GO:0010646,GO:0010647,GO:0010921,GO:0010941,GO:0010942,GO:0010998,GO:0014070,GO:0016032,GO:0016301,GO:0016310,GO:0016740,GO:0016772,GO:0016773,GO:0017148,GO:0019048,GO:0019049,GO:0019208,GO:0019219,GO:0019220,GO:0019222,GO:0019538,GO:0019888,GO:0020012,GO:0023051,GO:0023052,GO:0023056,GO:0030234,GO:0030682,GO:0030683,GO:0030968,GO:0031323,GO:0031324,GO:0031325,GO:0031326,GO:0031327,GO:0031399,GO:0031401,GO:0031667,GO:0031668,GO:0031669,GO:0032147,GO:0032268,GO:0032269,GO:0032270,GO:0032496,GO:0032642,GO:0032722,GO:0032872,GO:0032874,GO:0032991,GO:0033197,GO:0033273,GO:0033554,GO:0033674,GO:0033688,GO:0033689,GO:0033993,GO:0034097,GO:0034198,GO:0034248,GO:0034249,GO:0034620,GO:0034641,GO:0034645,GO:0034976,GO:0035303,GO:0035304,GO:0035455,GO:0035821,GO:0035966,GO:0035967,GO:0036211,GO:0042127,GO:0042221,GO:0042325,GO:0042327,GO:0042594,GO:0042802,GO:0042981,GO:0043043,GO:0043065,GO:0043066,GO:0043067,GO:0043068,GO:0043069,GO:0043085,GO:0043170,GO:0043207,GO:0043226,GO:0043227,GO:0043228,GO:0043229,GO:0043231,GO:0043232,GO:0043254,GO:0043330,GO:0043331,GO:0043405,GO:0043406,GO:0043408,GO:0043410,GO:0043412,GO:0043549,GO:0043555,GO:0043558,GO:0043603,GO:0043604,GO:0043666,GO:0043900,GO:0043901,GO:0043903,GO:0044003,GO:0044087,GO:0044093,GO:0044237,GO:0044238,GO:0044249,GO:0044260,GO:0044267,GO:0044271,GO:0044403,GO:0044413,GO:0044415,GO:0044419,GO:0044424,GO:0044444,GO:0044464,GO:0045069,GO:0045071,GO:0045182,GO:0045595,GO:0045859,GO:0045860,GO:0045937,GO:0046777,GO:0048471,GO:0048518,GO:0048519,GO:0048522,GO:0048523,GO:0048525,GO:0048583,GO:0048584,GO:0050690,GO:0050789,GO:0050790,GO:0050792,GO:0050793,GO:0050794,GO:0050896,GO:0051090,GO:0051091,GO:0051092,GO:0051128,GO:0051171,GO:0051172,GO:0051173,GO:0051174,GO:0051239,GO:0051240,GO:0051246,GO:0051247,GO:0051248,GO:0051252,GO:0051336,GO:0051338,GO:0051347,GO:0051701,GO:0051704,GO:0051707,GO:0051716,GO:0051805,GO:0051807,GO:0051817,GO:0051832,GO:0051834,GO:0052173,GO:0052200,GO:0052564,GO:0052572,GO:0060255,GO:0060548,GO:0065007,GO:0065009,GO:0070302,GO:0070304,GO:0070887,GO:0071310,GO:0071496,GO:0071704,GO:0071900,GO:0071902,GO:0072091,GO:0075136,GO:0080090,GO:0080134,GO:0080135,GO:0097159,GO:0098772,GO:0140096,GO:1900225,GO:1901222,GO:1901224,GO:1901363,GO:1901532,GO:1901564,GO:1901566,GO:1901576,GO:1901698,GO:1901700,GO:1902033,GO:1902036,GO:1902531,GO:1902533,GO:1903506,GO:1903706,GO:1903900,GO:1903901,GO:1990904,GO:1990928,GO:2000026,GO:2000112,GO:2000113,GO:2000736,GO:2001141",ko:K16195,"ko04141,ko04217,ko05160,ko05162,ko05164,ko05165,ko05167,ko05168,ko05169,ko05203,map04141,map04217,map05160,map05162,map05164,map05165,map05167,map05168,map05169,map05203",-,-,"ko00000,ko00001,ko01000,ko01001,ko01009,ko03019","Pkinase,dsrm"
OG0015268,AqCor,med29,0.0356631802754165,0.239282460256457,8128.ENSONIP00000007708,7.679999999999999e-112,323,"28J9T@1|root,2QRNJ@2759|Eukaryota,3A06E@33154|Opisthokonta,3BPKM@33208|Metazoa,3CTPY@33213|Bilateria,48BE2@7711|Chordata,48XJJ@7742|Vertebrata,4A35S@7898|Actinopterygii",K,Mediator complex subunit 29,MED29,"GO:0000003,GO:0001654,GO:0001754,GO:0002009,GO:0002165,GO:0003006,GO:0003674,GO:0003712,GO:0005488,GO:0005515,GO:0005575,GO:0005622,GO:0005623,GO:0005634,GO:0005654,GO:0006355,GO:0006357,GO:0007275,GO:0007399,GO:0007423,GO:0007444,GO:0007483,GO:0007484,GO:0007486,GO:0007530,GO:0007548,GO:0007552,GO:0007560,GO:0008134,GO:0008150,GO:0009653,GO:0009791,GO:0009886,GO:0009887,GO:0009888,GO:0009889,GO:0009987,GO:0010468,GO:0010556,GO:0010941,GO:0016592,GO:0018993,GO:0019101,GO:0019219,GO:0019222,GO:0022008,GO:0022414,GO:0030154,GO:0030182,GO:0030237,GO:0030540,GO:0031323,GO:0031326,GO:0031974,GO:0031981,GO:0032501,GO:0032502,GO:0032504,GO:0032991,GO:0035112,GO:0035126,GO:0035215,GO:0035239,GO:0035263,GO:0035295,GO:0042461,GO:0042462,GO:0043226,GO:0043227,GO:0043229,GO:0043231,GO:0043233,GO:0044422,GO:0044424,GO:0044428,GO:0044446,GO:0044451,GO:0044464,GO:0046530,GO:0046660,GO:0048468,GO:0048513,GO:0048519,GO:0048523,GO:0048563,GO:0048569,GO:0048592,GO:0048608,GO:0048609,GO:0048666,GO:0048699,GO:0048707,GO:0048729,GO:0048731,GO:0048804,GO:0048805,GO:0048806,GO:0048807,GO:0048856,GO:0048869,GO:0050789,GO:0050794,GO:0051171,GO:0051252,GO:0060255,GO:0060429,GO:0060548,GO:0060562,GO:0061458,GO:0065007,GO:0070013,GO:0080090,GO:0090596,GO:0140110,GO:1903506,GO:2000112,GO:2001141",ko:K15142,-,-,-,"ko00000,ko03021",Med29
OG0018581,AqCor,LOC100711757,0.0345170046593166,0.239282460256457,8128.ENSONIP00000009661,9.829999999999999e-230,641,"KOG0674@1|root,KOG0674@2759|Eukaryota,38DI3@33154|Opisthokonta,3BFR1@33208|Metazoa,3CX8Y@33213|Bilateria,48D0Y@7711|Chordata,499WH@7742|Vertebrata,49ZXP@7898|Actinopterygii",O,Calreticulin,CALR,"GO:0000003,GO:0000122,GO:0001669,GO:0001846,GO:0001848,GO:0001849,GO:0002376,GO:0002396,GO:0002397,GO:0002474,GO:0002478,GO:0002479,GO:0002501,GO:0002502,GO:0002682,GO:0002684,GO:0002685,GO:0002687,GO:0002688,GO:0002690,GO:0003008,GO:0003674,GO:0003676,GO:0003677,GO:0003723,GO:0003729,GO:0005102,GO:0005178,GO:0005488,GO:0005506,GO:0005509,GO:0005515,GO:0005575,GO:0005576,GO:0005615,GO:0005622,GO:0005623,GO:0005634,GO:0005635,GO:0005737,GO:0005783,GO:0005788,GO:0005789,GO:0005790,GO:0005793,GO:0005794,GO:0005829,GO:0005844,GO:0005886,GO:0006355,GO:0006357,GO:0006417,GO:0006457,GO:0006611,GO:0006807,GO:0006810,GO:0006873,GO:0006874,GO:0006875,GO:0006886,GO:0006897,GO:0006898,GO:0006906,GO:0006913,GO:0006950,GO:0006984,GO:0006986,GO:0006996,GO:0007010,GO:0007044,GO:0007154,GO:0007165,GO:0007275,GO:0007276,GO:0007283,GO:0007399,GO:0007417,GO:0007422,GO:0007507,GO:0007568,GO:0007569,GO:0007588,GO:0007610,GO:0007635,GO:0008104,GO:0008134,GO:0008150,GO:0008152,GO:0008219,GO:0008270,GO:0008284,GO:0009266,GO:0009408,GO:0009628,GO:0009636,GO:0009719,GO:0009725,GO:0009755,GO:0009888,GO:0009889,GO:0009890,GO:0009892,GO:0009893,GO:0009897,GO:0009966,GO:0009967,GO:0009968,GO:0009986,GO:0009987,GO:0010033,GO:0010035,GO:0010038,GO:0010226,GO:0010467,GO:0010468,GO:0010556,GO:0010558,GO:0010564,GO:0010594,GO:0010595,GO:0010604,GO:0010605,GO:0010608,GO:0010628,GO:0010629,GO:0010632,GO:0010634,GO:0010646,GO:0010647,GO:0010648,GO:0010720,GO:0010721,GO:0010769,GO:0010770,GO:0010810,GO:0010811,GO:0010941,GO:0010948,GO:0012501,GO:0012505,GO:0012506,GO:0014070,GO:0014706,GO:0015031,GO:0015833,GO:0016020,GO:0016021,GO:0016043,GO:0016050,GO:0016192,GO:0016528,GO:0016529,GO:0017148,GO:0019219,GO:0019222,GO:0019538,GO:0019725,GO:0019882,GO:0019884,GO:0019899,GO:0019953,GO:0022008,GO:0022414,GO:0022417,GO:0022603,GO:0022604,GO:0022607,GO:0023051,GO:0023052,GO:0023056,GO:0023057,GO:0030003,GO:0030029,GO:0030036,GO:0030100,GO:0030139,GO:0030141,GO:0030154,GO:0030155,GO:0030176,GO:0030246,GO:0030334,GO:0030335,GO:0030336,GO:0030421,GO:0030431,GO:0030496,GO:0030518,GO:0030522,GO:0030659,GO:0030666,GO:0030670,GO:0030865,GO:0030866,GO:0030968,GO:0031012,GO:0031090,GO:0031224,GO:0031227,GO:0031323,GO:0031324,GO:0031326,GO:0031327,GO:0031410,GO:0031581,GO:0031625,GO:0031647,GO:0031958,GO:0031967,GO:0031974,GO:0031975,GO:0031982,GO:0031983,GO:0031984,GO:0032101,GO:0032103,GO:0032268,GO:0032269,GO:0032355,GO:0032501,GO:0032502,GO:0032504,GO:0032870,GO:0032879,GO:0032991,GO:0033036,GO:0033043,GO:0033116,GO:0033143,GO:0033144,GO:0033218,GO:0033365,GO:0033554,GO:0033574,GO:0033993,GO:0034248,GO:0034249,GO:0034329,GO:0034330,GO:0034504,GO:0034613,GO:0034620,GO:0034622,GO:0034975,GO:0034976,GO:0035051,GO:0035257,GO:0035258,GO:0035966,GO:0035967,GO:0036500,GO:0040012,GO:0040013,GO:0040017,GO:0040020,GO:0042048,GO:0042127,GO:0042175,GO:0042221,GO:0042277,GO:0042493,GO:0042562,GO:0042590,GO:0042592,GO:0042692,GO:0042824,GO:0042886,GO:0042921,GO:0042981,GO:0043067,GO:0043167,GO:0043169,GO:0043170,GO:0043226,GO:0043227,GO:0043229,GO:0043231,GO:0043233,GO:0043401,GO:0043900,GO:0043901,GO:0043933,GO:0044085,GO:0044183,GO:0044238,GO:0044322,GO:0044389,GO:0044421,GO:0044422,GO:0044424,GO:0044425,GO:0044428,GO:0044432,GO:0044433,GO:0044444,GO:0044446,GO:0044459,GO:0044464,GO:0044703,GO:0044877,GO:0045169,GO:0045184,GO:0045335,GO:0045471,GO:0045595,GO:0045596,GO:0045597,GO:0045664,GO:0045665,GO:0045785,GO:0045786,GO:0045787,GO:0045807,GO:0045892,GO:0045934,GO:0046677,GO:0046872,GO:0046907,GO:0046914,GO:0048002,GO:0048232,GO:0048284,GO:0048385,GO:0048387,GO:0048471,GO:0048513,GO:0048518,GO:0048519,GO:0048522,GO:0048523,GO:0048545,GO:0048583,GO:0048584,GO:0048585,GO:0048609,GO:0048699,GO:0048731,GO:0048738,GO:0048856,GO:0048869,GO:0048878,GO:0050681,GO:0050764,GO:0050766,GO:0050767,GO:0050768,GO:0050789,GO:0050793,GO:0050794,GO:0050801,GO:0050821,GO:0050839,GO:0050896,GO:0050920,GO:0050921,GO:0051049,GO:0051050,GO:0051082,GO:0051087,GO:0051093,GO:0051094,GO:0051128,GO:0051130,GO:0051146,GO:0051168,GO:0051169,GO:0051171,GO:0051172,GO:0051179,GO:0051208,GO:0051234,GO:0051235,GO:0051239,GO:0051240,GO:0051241,GO:0051246,GO:0051248,GO:0051252,GO:0051253,GO:0051270,GO:0051271,GO:0051272,GO:0051427,GO:0051445,GO:0051604,GO:0051641,GO:0051649,GO:0051704,GO:0051716,GO:0051726,GO:0051783,GO:0051960,GO:0051961,GO:0055007,GO:0055065,GO:0055074,GO:0055080,GO:0055082,GO:0060205,GO:0060255,GO:0060284,GO:0060537,GO:0060627,GO:0061024,GO:0061025,GO:0061061,GO:0061077,GO:0065003,GO:0065007,GO:0065008,GO:0070013,GO:0070727,GO:0070887,GO:0071156,GO:0071157,GO:0071241,GO:0071248,GO:0071285,GO:0071310,GO:0071383,GO:0071396,GO:0071407,GO:0071495,GO:0071556,GO:0071682,GO:0071702,GO:0071704,GO:0071705,GO:0071840,GO:0071944,GO:0072359,GO:0072503,GO:0072507,GO:0080090,GO:0090174,GO:0090398,GO:0097159,GO:0097223,GO:0097305,GO:0097708,GO:0098552,GO:0098553,GO:0098588,GO:0098657,GO:0098771,GO:0098796,GO:0098805,GO:0098827,GO:0099503,GO:1900024,GO:1900026,GO:1901163,GO:1901164,GO:1901222,GO:1901224,GO:1901363,GO:1901564,GO:1901654,GO:1901700,GO:1902531,GO:1902533,GO:1902679,GO:1903506,GO:1903507,GO:1990668,GO:1990904,GO:2000026,GO:2000112,GO:2000113,GO:2000145,GO:2000146,GO:2000147,GO:2000241,GO:2000242,GO:2000508,GO:2000510,GO:2001141",ko:K08057,"ko04141,ko04145,ko04612,ko05142,ko05166,map04141,map04145,map04612,map05142,map05166",-,-,"ko00000,ko00001,ko03110,ko04091",Calreticulin
OG0020896,AqCor,LOC109194286,0.023714945496013,0.239282460256457,32507.XP_006798790.1,1.7399999999999998e-298,819,"KOG3725@1|root,KOG3725@2759|Eukaryota,39ZT5@33154|Opisthokonta,3BKY2@33208|Metazoa,3D2YZ@33213|Bilateria,48375@7711|Chordata,4996R@7742|Vertebrata,49VTH@7898|Actinopterygii",T,endophilin-B1-like,-,-,ko:K21269,"ko04144,map04144",-,-,"ko00000,ko00001,ko04131",BAR
OG0020926,AqCor,foxo3a,0.0388003826928915,0.239282460256457,8128.ENSONIP00000000810,0,1126,"COG5025@1|root,KOG2294@2759|Eukaryota,38I4X@33154|Opisthokonta,3BC6N@33208|Metazoa,3CSTI@33213|Bilateria,487H9@7711|Chordata,49217@7742|Vertebrata,49ZK2@7898|Actinopterygii",K,forkhead box,FOXO3,"GO:0000003,GO:0000122,GO:0000226,GO:0000768,GO:0000902,GO:0000904,GO:0000959,GO:0000976,GO:0000977,GO:0000978,GO:0000981,GO:0000982,GO:0000987,GO:0000988,GO:0001012,GO:0001067,GO:0001077,GO:0001221,GO:0001227,GO:0001228,GO:0001541,GO:0001542,GO:0001544,GO:0001547,GO:0001556,GO:0001558,GO:0001578,GO:0001654,GO:0001745,GO:0002020,GO:0002119,GO:0002164,GO:0002165,GO:0002376,GO:0002682,GO:0002684,GO:0002819,GO:0002821,GO:0002831,GO:0002833,GO:0003006,GO:0003008,GO:0003674,GO:0003676,GO:0003677,GO:0003682,GO:0003690,GO:0003700,GO:0005488,GO:0005515,GO:0005575,GO:0005622,GO:0005623,GO:0005634,GO:0005654,GO:0005737,GO:0005739,GO:0005740,GO:0005741,GO:0005829,GO:0005975,GO:0005976,GO:0005977,GO:0006066,GO:0006073,GO:0006091,GO:0006112,GO:0006139,GO:0006351,GO:0006355,GO:0006357,GO:0006366,GO:0006390,GO:0006417,GO:0006629,GO:0006694,GO:0006697,GO:0006725,GO:0006807,GO:0006915,GO:0006949,GO:0006950,GO:0006952,GO:0006955,GO:0006974,GO:0006979,GO:0006996,GO:0007010,GO:0007017,GO:0007154,GO:0007165,GO:0007166,GO:0007167,GO:0007169,GO:0007275,GO:0007276,GO:0007281,GO:0007292,GO:0007399,GO:0007417,GO:0007420,GO:0007423,GO:0007520,GO:0007525,GO:0007548,GO:0007568,GO:0007610,GO:0007611,GO:0007613,GO:0007614,GO:0007622,GO:0007623,GO:0007626,GO:0008013,GO:0008134,GO:0008150,GO:0008152,GO:0008202,GO:0008205,GO:0008219,GO:0008277,GO:0008285,GO:0008286,GO:0008340,GO:0008361,GO:0008406,GO:0008582,GO:0008585,GO:0008593,GO:0008610,GO:0009058,GO:0009059,GO:0009266,GO:0009267,GO:0009314,GO:0009408,GO:0009411,GO:0009416,GO:0009605,GO:0009607,GO:0009617,GO:0009628,GO:0009653,GO:0009719,GO:0009725,GO:0009791,GO:0009887,GO:0009888,GO:0009889,GO:0009890,GO:0009891,GO:0009892,GO:0009893,GO:0009894,GO:0009896,GO:0009966,GO:0009967,GO:0009968,GO:0009987,GO:0009991,GO:0009994,GO:0010033,GO:0010243,GO:0010259,GO:0010286,GO:0010467,GO:0010468,GO:0010506,GO:0010556,GO:0010557,GO:0010558,GO:0010564,GO:0010604,GO:0010605,GO:0010608,GO:0010628,GO:0010629,GO:0010646,GO:0010647,GO:0010648,GO:0010721,GO:0010817,GO:0010883,GO:0010888,GO:0010896,GO:0010898,GO:0010941,GO:0010942,GO:0012501,GO:0014902,GO:0015980,GO:0016020,GO:0016043,GO:0016070,GO:0016125,GO:0016126,GO:0016241,GO:0016358,GO:0017151,GO:0018130,GO:0019216,GO:0019219,GO:0019221,GO:0019222,GO:0019438,GO:0019827,GO:0019867,GO:0019899,GO:0019900,GO:0019901,GO:0019953,GO:0021700,GO:0022008,GO:0022412,GO:0022414,GO:0022602,GO:0022611,GO:0023051,GO:0023052,GO:0023056,GO:0023057,GO:0030030,GO:0030111,GO:0030154,GO:0030178,GO:0030182,GO:0030308,GO:0030330,GO:0030718,GO:0030728,GO:0031090,GO:0031175,GO:0031323,GO:0031324,GO:0031325,GO:0031326,GO:0031327,GO:0031328,GO:0031329,GO:0031331,GO:0031347,GO:0031349,GO:0031490,GO:0031625,GO:0031667,GO:0031668,GO:0031669,GO:0031966,GO:0031967,GO:0031968,GO:0031974,GO:0031975,GO:0031981,GO:0032101,GO:0032103,GO:0032268,GO:0032501,GO:0032502,GO:0032504,GO:0032535,GO:0032774,GO:0032868,GO:0032869,GO:0032870,GO:0032879,GO:0032925,GO:0032989,GO:0032990,GO:0032991,GO:0033209,GO:0033500,GO:0033554,GO:0033613,GO:0034097,GO:0034198,GO:0034246,GO:0034248,GO:0034599,GO:0034605,GO:0034612,GO:0034641,GO:0034645,GO:0034654,GO:0034754,GO:0035206,GO:0035556,GO:0036099,GO:0038034,GO:0040007,GO:0040008,GO:0040014,GO:0040015,GO:0040024,GO:0042127,GO:0042180,GO:0042181,GO:0042221,GO:0042445,GO:0042446,GO:0042592,GO:0042593,GO:0042594,GO:0042692,GO:0042698,GO:0042742,GO:0042770,GO:0042981,GO:0043065,GO:0043067,GO:0043068,GO:0043170,GO:0043207,GO:0043226,GO:0043227,GO:0043229,GO:0043231,GO:0043233,GO:0043434,GO:0043523,GO:0043525,GO:0043565,GO:0043620,GO:0043900,GO:0043902,GO:0044042,GO:0044087,GO:0044089,GO:0044212,GO:0044237,GO:0044238,GO:0044249,GO:0044260,GO:0044262,GO:0044264,GO:0044271,GO:0044281,GO:0044283,GO:0044389,GO:0044422,GO:0044424,GO:0044428,GO:0044429,GO:0044444,GO:0044446,GO:0044464,GO:0044703,GO:0045087,GO:0045137,GO:0045455,GO:0045456,GO:0045475,GO:0045595,GO:0045596,GO:0045597,GO:0045637,GO:0045639,GO:0045646,GO:0045648,GO:0045664,GO:0045665,GO:0045745,GO:0045746,GO:0045787,GO:0045792,GO:0045834,GO:0045887,GO:0045892,GO:0045893,GO:0045926,GO:0045927,GO:0045934,GO:0045935,GO:0045944,GO:0046165,GO:0046483,GO:0046545,GO:0046620,GO:0046626,GO:0046627,GO:0046660,GO:0046890,GO:0048468,GO:0048469,GO:0048477,GO:0048511,GO:0048512,GO:0048513,GO:0048518,GO:0048519,GO:0048520,GO:0048522,GO:0048523,GO:0048580,GO:0048582,GO:0048583,GO:0048584,GO:0048585,GO:0048589,GO:0048592,GO:0048599,GO:0048608,GO:0048609,GO:0048638,GO:0048639,GO:0048640,GO:0048646,GO:0048666,GO:0048667,GO:0048699,GO:0048731,GO:0048749,GO:0048812,GO:0048813,GO:0048854,GO:0048856,GO:0048858,GO:0048869,GO:0048878,GO:0050767,GO:0050768,GO:0050776,GO:0050778,GO:0050789,GO:0050793,GO:0050794,GO:0050795,GO:0050803,GO:0050804,GO:0050806,GO:0050807,GO:0050829,GO:0050830,GO:0050877,GO:0050890,GO:0050896,GO:0050994,GO:0050996,GO:0051093,GO:0051094,GO:0051128,GO:0051130,GO:0051146,GO:0051171,GO:0051172,GO:0051173,GO:0051239,GO:0051240,GO:0051241,GO:0051246,GO:0051252,GO:0051253,GO:0051254,GO:0051704,GO:0051707,GO:0051716,GO:0051726,GO:0051960,GO:0051961,GO:0051962,GO:0051963,GO:0051965,GO:0055114,GO:0055115,GO:0055116,GO:0060255,GO:0060259,GO:0060284,GO:0060322,GO:0060537,GO:0060828,GO:0061061,GO:0061062,GO:0061063,GO:0061065,GO:0061066,GO:0061458,GO:0065007,GO:0065008,GO:0070013,GO:0070344,GO:0070345,GO:0070887,GO:0071156,GO:0071158,GO:0071310,GO:0071345,GO:0071356,GO:0071375,GO:0071417,GO:0071495,GO:0071496,GO:0071695,GO:0071704,GO:0071840,GO:0071889,GO:0072331,GO:0080090,GO:0080134,GO:0080135,GO:0090066,GO:0090068,GO:0090090,GO:0090092,GO:0090207,GO:0090208,GO:0090304,GO:0090596,GO:0097150,GO:0097159,GO:0097190,GO:0097191,GO:0097192,GO:0097659,GO:0098542,GO:0098588,GO:0098727,GO:0098805,GO:0099177,GO:0120036,GO:0120039,GO:0140053,GO:0140110,GO:1900073,GO:1900075,GO:1900076,GO:1900077,GO:1900407,GO:1900409,GO:1900424,GO:1900426,GO:1901031,GO:1901033,GO:1901214,GO:1901216,GO:1901298,GO:1901300,GO:1901360,GO:1901362,GO:1901363,GO:1901576,GO:1901615,GO:1901617,GO:1901652,GO:1901653,GO:1901698,GO:1901699,GO:1901700,GO:1901701,GO:1902652,GO:1902653,GO:1902679,GO:1902680,GO:1902882,GO:1902884,GO:1903201,GO:1903205,GO:1903209,GO:1903426,GO:1903428,GO:1903506,GO:1903507,GO:1903508,GO:1903706,GO:1903708,GO:1904035,GO:1904037,GO:1904396,GO:1904398,GO:1905206,GO:1905909,GO:1905952,GO:1905953,GO:1990381,GO:1990837,GO:1990928,GO:2000026,GO:2000112,GO:2000113,GO:2000125,GO:2000127,GO:2000128,GO:2000130,GO:2000177,GO:2000253,GO:2000351,GO:2000353,GO:2000377,GO:2000379,GO:2001023,GO:2001025,GO:2001038,GO:2001040,GO:2001141","ko:K07201,ko:K09408,ko:K17847","ko01521,ko04062,ko04068,ko04137,ko04151,ko04152,ko04211,ko04212,ko04213,ko04218,ko04722,ko04910,ko04917,ko04919,ko04922,ko04931,ko04933,ko05165,ko05200,ko05202,ko05213,ko05215,ko05223,map01521,map04062,map04068,map04137,map04151,map04152,map04211,map04212,map04213,map04218,map04722,map04910,map04917,map04919,map04922,map04931,map04933,map05165,map05200,map05202,map05213,map05215,map05223",M00676,-,"ko00000,ko00001,ko00002,ko03000","FOXO-TAD,FOXO_KIX_bdg,Forkhead"
OG0022186,AqCor,actr5,0.00453196715294055,0.130671719576453,32507.XP_006785493.1,0,1204,"KOG0681@1|root,KOG0681@2759|Eukaryota,38HNM@33154|Opisthokonta,3BDBP@33208|Metazoa,3CYCQ@33213|Bilateria,48407@7711|Chordata,48XSU@7742|Vertebrata,4A264@7898|Actinopterygii",Z,actin-related protein 5,ACTR5,"GO:0000228,GO:0000785,GO:0000790,GO:0005575,GO:0005622,GO:0005623,GO:0005634,GO:0005654,GO:0005694,GO:0005737,GO:0006139,GO:0006259,GO:0006281,GO:0006302,GO:0006325,GO:0006338,GO:0006351,GO:0006355,GO:0006464,GO:0006508,GO:0006725,GO:0006807,GO:0006950,GO:0006974,GO:0006996,GO:0008150,GO:0008152,GO:0009058,GO:0009059,GO:0009314,GO:0009411,GO:0009416,GO:0009628,GO:0009889,GO:0009987,GO:0010467,GO:0010468,GO:0010556,GO:0016043,GO:0016070,GO:0016579,GO:0018130,GO:0019219,GO:0019222,GO:0019438,GO:0019538,GO:0031011,GO:0031323,GO:0031326,GO:0031974,GO:0031981,GO:0032774,GO:0032991,GO:0033202,GO:0033554,GO:0034641,GO:0034644,GO:0034645,GO:0034654,GO:0036211,GO:0043170,GO:0043226,GO:0043227,GO:0043228,GO:0043229,GO:0043231,GO:0043232,GO:0043233,GO:0043412,GO:0044237,GO:0044238,GO:0044249,GO:0044260,GO:0044267,GO:0044271,GO:0044422,GO:0044424,GO:0044427,GO:0044428,GO:0044446,GO:0044454,GO:0044464,GO:0046483,GO:0050789,GO:0050794,GO:0050896,GO:0051171,GO:0051252,GO:0051276,GO:0051716,GO:0060255,GO:0065007,GO:0070013,GO:0070603,GO:0070646,GO:0070647,GO:0070914,GO:0071214,GO:0071478,GO:0071482,GO:0071704,GO:0071840,GO:0080090,GO:0090304,GO:0097346,GO:0097659,GO:0104004,GO:1901360,GO:1901362,GO:1901564,GO:1901576,GO:1902494,GO:1903506,GO:1904949,GO:2000112,GO:2001141",ko:K11672,-,-,-,"ko00000,ko03036",Actin
OG0023354,AqCor,LOC100710250,0.038850240772477,0.239282460256457,8128.ENSONIP00000005924,2.84e-199,551,"28NGW@1|root,2QQUW@2759|Eukaryota,39W80@33154|Opisthokonta,3BJB9@33208|Metazoa,3D1XJ@33213|Bilateria,48A9F@7711|Chordata,49AQC@7742|Vertebrata,49W8V@7898|Actinopterygii",S,"One gap junction consists of a cluster of closely packed pairs of transmembrane channels, the connexons, through which materials of low MW diffuse from one cell to a neighboring cell",-,-,-,-,-,-,-,-
OG0025902,AqCor,LOC100700947,0.0262786526343169,0.239282460256457,8153.XP_005952300.1,0,1216,"COG4886@1|root,KOG4641@2759|Eukaryota,38EYJ@33154|Opisthokonta,3BIA8@33208|Metazoa,3CVNH@33213|Bilateria,47ZUZ@7711|Chordata,498G9@7742|Vertebrata,49XYU@7898|Actinopterygii",T,Toll-like receptor,-,-,ko:K18808,-,-,-,ko00000,"LRR_8,TIR"
OG0026445,AqCor,LOC109201332,0.0328290513131344,0.239282460256457,106582.XP_004575580.1,0,984,"2D4KB@1|root,2SVGE@2759|Eukaryota,3A6FD@33154|Opisthokonta,3BTDY@33208|Metazoa,3D2Q6@33213|Bilateria,48BXC@7711|Chordata,49D0G@7742|Vertebrata,4A7U9@7898|Actinopterygii",T,Immunoglobulin V-set domain,-,-,-,-,-,-,-,V-set
OG0027027,AqCor,LOC112844663,0.0221632436094528,0.239282460256457,8153.XP_005950436.1,6.729999999999999e-47,169,"2CNH9@1|root,2QWAF@2759|Eukaryota,39UPH@33154|Opisthokonta,3BNKZ@33208|Metazoa,3D3XP@33213|Bilateria,483A9@7711|Chordata,499PK@7742|Vertebrata,49YT5@7898|Actinopterygii",-,-,-,-,-,-,-,-,-,-
OG0001114,GST,ly75,0.0444857756894026,0.273587520489826,8128.ENSONIP00000004124,0,3688,"KOG4297@1|root,KOG4297@2759|Eukaryota,39SCV@33154|Opisthokonta,3BCGX@33208|Metazoa,3CZRQ@33213|Bilateria,481CC@7711|Chordata,493D4@7742|Vertebrata,49V1R@7898|Actinopterygii",TV,Lymphocyte antigen 75,LY75,"GO:0002376,GO:0003674,GO:0004888,GO:0005575,GO:0005623,GO:0005886,GO:0005887,GO:0006950,GO:0006952,GO:0006954,GO:0006955,GO:0007154,GO:0007165,GO:0008150,GO:0009897,GO:0009986,GO:0009987,GO:0016020,GO:0016021,GO:0023052,GO:0031224,GO:0031226,GO:0038023,GO:0044425,GO:0044459,GO:0044464,GO:0050789,GO:0050794,GO:0050896,GO:0051716,GO:0060089,GO:0065007,GO:0071944,GO:0098552","ko:K06559,ko:K06722",-,-,-,"ko00000,ko04090,ko04091","Lectin_C,fn2"
OG0002915,GST,LOC100690007,0.0357312707821398,0.273587520489826,8128.ENSONIP00000010381,0,1627,"2BXVW@1|root,2QV4A@2759|Eukaryota,39T8G@33154|Opisthokonta,3BCCG@33208|Metazoa,3CUSI@33213|Bilateria,47YUW@7711|Chordata,490WQ@7742|Vertebrata,49RRQ@7898|Actinopterygii",S,regulatory subunit,PIK3R5,"GO:0001775,GO:0001932,GO:0001934,GO:0003674,GO:0003824,GO:0005488,GO:0005575,GO:0005622,GO:0005623,GO:0005737,GO:0005815,GO:0005829,GO:0005856,GO:0005942,GO:0005944,GO:0006629,GO:0006644,GO:0006650,GO:0006793,GO:0006796,GO:0006950,GO:0007154,GO:0007165,GO:0007186,GO:0007596,GO:0007599,GO:0008150,GO:0008152,GO:0009611,GO:0009893,GO:0009966,GO:0009967,GO:0009987,GO:0010562,GO:0010604,GO:0010646,GO:0010647,GO:0014065,GO:0015630,GO:0016020,GO:0016301,GO:0016310,GO:0016740,GO:0016772,GO:0016773,GO:0019207,GO:0019216,GO:0019220,GO:0019222,GO:0019637,GO:0019898,GO:0023051,GO:0023052,GO:0023056,GO:0030168,GO:0030234,GO:0030258,GO:0031323,GO:0031325,GO:0031399,GO:0031401,GO:0031683,GO:0032268,GO:0032270,GO:0032501,GO:0032991,GO:0033674,GO:0035004,GO:0035014,GO:0035556,GO:0042060,GO:0042325,GO:0042327,GO:0043085,GO:0043226,GO:0043228,GO:0043229,GO:0043232,GO:0043405,GO:0043406,GO:0043408,GO:0043410,GO:0043549,GO:0043550,GO:0043551,GO:0044093,GO:0044237,GO:0044238,GO:0044255,GO:0044422,GO:0044424,GO:0044425,GO:0044430,GO:0044444,GO:0044446,GO:0044464,GO:0044877,GO:0045859,GO:0045860,GO:0045937,GO:0046486,GO:0046488,GO:0046834,GO:0046854,GO:0046934,GO:0046935,GO:0048015,GO:0048017,GO:0048518,GO:0048522,GO:0048583,GO:0048584,GO:0050789,GO:0050790,GO:0050794,GO:0050817,GO:0050878,GO:0050896,GO:0051171,GO:0051173,GO:0051174,GO:0051246,GO:0051247,GO:0051338,GO:0051347,GO:0051716,GO:0051896,GO:0051897,GO:0052813,GO:0060255,GO:0061695,GO:0065007,GO:0065008,GO:0065009,GO:0071704,GO:0071900,GO:0071902,GO:0080090,GO:0097651,GO:0098772,GO:0098796,GO:1902494,GO:1902531,GO:1902533,GO:1903725,GO:1990234",ko:K21290,"ko04022,ko04072,ko04151,ko04261,ko04371,ko04611,ko04725,ko04921,ko05145,ko05167,map04022,map04072,map04151,map04261,map04371,map04611,map04725,map04921,map05145,map05167",-,-,"ko00000,ko00001,ko04131",PI3K_1B_p101
OG0003252,GST,LOC112846792,0.044229263882584,0.273587520489826,303518.XP_005734620.1,6.62e-81,252,"2DESS@1|root,2S5QY@2759|Eukaryota,3A61A@33154|Opisthokonta,3BT73@33208|Metazoa,3D9JZ@33213|Bilateria,48GD2@7711|Chordata,49D0Z@7742|Vertebrata,4A4HQ@7898|Actinopterygii",-,-,-,-,-,-,-,-,-,-
OG0004432,GST,inka1b,0.0486684591025995,0.28505811760094,8128.ENSONIP00000026624,6.809999999999998e-222,612,"2CBTB@1|root,2QYBJ@2759|Eukaryota,39YQN@33154|Opisthokonta,3BNRI@33208|Metazoa,3D42W@33213|Bilateria,48RYY@7711|Chordata,49NDU@7742|Vertebrata,49ZAZ@7898|Actinopterygii",S,"Family with sequence similarity 212, member Ab",-,"GO:0001932,GO:0001933,GO:0003674,GO:0004857,GO:0004860,GO:0005575,GO:0005622,GO:0005623,GO:0005634,GO:0006469,GO:0008150,GO:0009892,GO:0010563,GO:0010605,GO:0019207,GO:0019210,GO:0019220,GO:0019222,GO:0019887,GO:0030234,GO:0030291,GO:0031323,GO:0031324,GO:0031399,GO:0031400,GO:0032268,GO:0032269,GO:0033673,GO:0042325,GO:0042326,GO:0043086,GO:0043226,GO:0043227,GO:0043229,GO:0043231,GO:0043549,GO:0044092,GO:0044424,GO:0044464,GO:0045859,GO:0045936,GO:0048519,GO:0048523,GO:0050789,GO:0050790,GO:0050794,GO:0051171,GO:0051172,GO:0051174,GO:0051246,GO:0051248,GO:0051338,GO:0051348,GO:0060255,GO:0065007,GO:0065009,GO:0071900,GO:0071901,GO:0080090,GO:0098772",-,-,-,-,-,FAM212
OG0005956,GST,acox1,0.00786079990684227,0.1208597985677,8128.ENSONIP00000022997,0,1312,"COG1960@1|root,KOG0136@2759|Eukaryota,38BTU@33154|Opisthokonta,3BATK@33208|Metazoa,3CV9T@33213|Bilateria,48AZK@7711|Chordata,48V4I@7742|Vertebrata,49ZRG@7898|Actinopterygii",I,acyl-Coenzyme A oxidase,ACOX1,"GO:0000003,GO:0000038,GO:0000166,GO:0001676,GO:0003674,GO:0003824,GO:0003995,GO:0003997,GO:0005102,GO:0005488,GO:0005504,GO:0005515,GO:0005575,GO:0005622,GO:0005623,GO:0005634,GO:0005654,GO:0005730,GO:0005737,GO:0005777,GO:0005778,GO:0005782,GO:0005829,GO:0005886,GO:0006082,GO:0006091,GO:0006605,GO:0006625,GO:0006629,GO:0006631,GO:0006635,GO:0006690,GO:0006692,GO:0006693,GO:0006810,GO:0006886,GO:0006996,GO:0007031,GO:0007276,GO:0007283,GO:0008104,GO:0008150,GO:0008152,GO:0008289,GO:0009056,GO:0009058,GO:0009062,GO:0009987,GO:0010817,GO:0015031,GO:0015833,GO:0016020,GO:0016042,GO:0016043,GO:0016054,GO:0016137,GO:0016138,GO:0016401,GO:0016491,GO:0016559,GO:0016627,GO:0016634,GO:0017144,GO:0019216,GO:0019222,GO:0019395,GO:0019748,GO:0019752,GO:0019904,GO:0019953,GO:0022414,GO:0030165,GO:0030258,GO:0031090,GO:0031406,GO:0031903,GO:0031907,GO:0031974,GO:0031981,GO:0032501,GO:0032504,GO:0032787,GO:0033036,GO:0033293,GO:0033365,GO:0033539,GO:0033540,GO:0033559,GO:0034440,GO:0034613,GO:0036094,GO:0036109,GO:0042445,GO:0042446,GO:0042579,GO:0042592,GO:0042632,GO:0042802,GO:0042803,GO:0042810,GO:0042811,GO:0042886,GO:0043167,GO:0043168,GO:0043177,GO:0043226,GO:0043227,GO:0043228,GO:0043229,GO:0043231,GO:0043232,GO:0043233,GO:0043436,GO:0043574,GO:0044237,GO:0044238,GO:0044242,GO:0044248,GO:0044249,GO:0044255,GO:0044281,GO:0044282,GO:0044422,GO:0044424,GO:0044428,GO:0044438,GO:0044439,GO:0044444,GO:0044446,GO:0044464,GO:0044550,GO:0044703,GO:0045184,GO:0046395,GO:0046907,GO:0046983,GO:0047485,GO:0048037,GO:0048232,GO:0048285,GO:0048609,GO:0048878,GO:0050660,GO:0050662,GO:0050789,GO:0051179,GO:0051234,GO:0051641,GO:0051649,GO:0051704,GO:0055088,GO:0055092,GO:0055114,GO:0065007,GO:0065008,GO:0070013,GO:0070727,GO:0071702,GO:0071704,GO:0071705,GO:0071840,GO:0071944,GO:0071949,GO:0072329,GO:0072594,GO:0072662,GO:0072663,GO:0080090,GO:0097159,GO:0098588,GO:0098805,GO:1901135,GO:1901137,GO:1901265,GO:1901363,GO:1901568,GO:1901575,GO:1901576,GO:1901657,GO:1901659,GO:1904069,GO:1904070",ko:K00232,"ko00071,ko00592,ko01040,ko01100,ko01110,ko01212,ko03320,ko04024,ko04146,map00071,map00592,map01040,map01100,map01110,map01212,map03320,map04024,map04146","M00087,M00113","R01175,R01279,R03777,R03857,R03990,R04751,R04754,R07888,R07892,R07896,R07934,R07950","ko00000,ko00001,ko00002,ko01000","ACOX,Acyl-CoA_dh_1,Acyl-CoA_dh_M,Acyl-CoA_ox_N"
OG0006525,GST,LOC112847430,9.06188104602468e-4,0.0422182334933091,144197.XP_008286041.1,3.19e-154,461,"COG5059@1|root,KOG0239@2759|Eukaryota,38D7J@33154|Opisthokonta,3BABC@33208|Metazoa,3CTH1@33213|Bilateria,48AVS@7711|Chordata,49ESD@7742|Vertebrata",Z,"Kinesin motor, catalytic domain. ATPase.",-,-,ko:K10406,-,-,-,"ko00000,ko04812",Kinesin
OG0007115,GST,eng,4.72118849569092e-6,5.80706184969983e-4,32507.XP_006789048.1,0,987,"2ASP5@1|root,2QWGX@2759|Eukaryota,39WRN@33154|Opisthokonta,3BNTY@33208|Metazoa,3D5RF@33213|Bilateria,485GK@7711|Chordata,49906@7742|Vertebrata,49XV2@7898|Actinopterygii",S,Endoglin,ENG,-,-,-,-,-,-,-
OG0007934,GST,prickle1a,0.00436468969407065,0.0826249624876281,8128.ENSONIP00000010949,0,1675,"KOG1704@1|root,KOG1704@2759|Eukaryota,38HNJ@33154|Opisthokonta,3BAH0@33208|Metazoa,3CRZ2@33213|Bilateria,48782@7711|Chordata,48Y72@7742|Vertebrata,49RG2@7898|Actinopterygii",TZ,Prickle-like 1 (Drosophila) a,PRICKLE1,"GO:0000226,GO:0001558,GO:0001568,GO:0001654,GO:0001736,GO:0001737,GO:0001738,GO:0001745,GO:0001838,GO:0001841,GO:0001843,GO:0001944,GO:0002009,GO:0002165,GO:0003002,GO:0003674,GO:0005488,GO:0005515,GO:0005575,GO:0005622,GO:0005623,GO:0005634,GO:0005635,GO:0005737,GO:0005829,GO:0005886,GO:0006355,GO:0006606,GO:0006810,GO:0006886,GO:0006913,GO:0006928,GO:0006996,GO:0007010,GO:0007017,GO:0007018,GO:0007154,GO:0007163,GO:0007164,GO:0007165,GO:0007166,GO:0007267,GO:0007275,GO:0007369,GO:0007389,GO:0007399,GO:0007423,GO:0007444,GO:0007472,GO:0007476,GO:0007478,GO:0007480,GO:0007507,GO:0007552,GO:0007560,GO:0008037,GO:0008038,GO:0008088,GO:0008104,GO:0008134,GO:0008150,GO:0008361,GO:0008544,GO:0008593,GO:0009653,GO:0009790,GO:0009791,GO:0009792,GO:0009798,GO:0009886,GO:0009887,GO:0009888,GO:0009889,GO:0009890,GO:0009892,GO:0009893,GO:0009894,GO:0009896,GO:0009913,GO:0009948,GO:0009952,GO:0009966,GO:0009968,GO:0009987,GO:0010468,GO:0010556,GO:0010558,GO:0010604,GO:0010605,GO:0010629,GO:0010646,GO:0010648,GO:0010720,GO:0010769,GO:0010770,GO:0010970,GO:0010975,GO:0010976,GO:0012505,GO:0014020,GO:0015031,GO:0015833,GO:0016020,GO:0016043,GO:0016055,GO:0016331,GO:0016348,GO:0017038,GO:0019219,GO:0019222,GO:0021915,GO:0022008,GO:0022603,GO:0022604,GO:0023051,GO:0023052,GO:0023057,GO:0030030,GO:0030111,GO:0030154,GO:0030162,GO:0030178,GO:0030182,GO:0030307,GO:0030516,GO:0030705,GO:0030855,GO:0030951,GO:0030952,GO:0031090,GO:0031323,GO:0031324,GO:0031325,GO:0031326,GO:0031327,GO:0031329,GO:0031331,GO:0031344,GO:0031346,GO:0031396,GO:0031398,GO:0031399,GO:0031401,GO:0031965,GO:0031967,GO:0031975,GO:0032101,GO:0032103,GO:0032268,GO:0032270,GO:0032434,GO:0032436,GO:0032501,GO:0032502,GO:0032535,GO:0032879,GO:0033036,GO:0033365,GO:0034504,GO:0034613,GO:0035107,GO:0035114,GO:0035120,GO:0035148,GO:0035218,GO:0035220,GO:0035239,GO:0035282,GO:0035285,GO:0035295,GO:0035315,GO:0035316,GO:0035317,GO:0035567,GO:0035904,GO:0036011,GO:0040008,GO:0040012,GO:0040017,GO:0042067,GO:0042176,GO:0042886,GO:0043009,GO:0043226,GO:0043227,GO:0043229,GO:0043231,GO:0044422,GO:0044424,GO:0044428,GO:0044444,GO:0044446,GO:0044464,GO:0045184,GO:0045185,GO:0045595,GO:0045596,GO:0045597,GO:0045661,GO:0045662,GO:0045664,GO:0045666,GO:0045732,GO:0045746,GO:0045773,GO:0045862,GO:0045892,GO:0045927,GO:0045934,GO:0046907,GO:0048468,GO:0048513,GO:0048518,GO:0048519,GO:0048522,GO:0048523,GO:0048563,GO:0048569,GO:0048583,GO:0048584,GO:0048585,GO:0048592,GO:0048598,GO:0048638,GO:0048639,GO:0048646,GO:0048666,GO:0048699,GO:0048707,GO:0048729,GO:0048731,GO:0048736,GO:0048737,GO:0048749,GO:0048856,GO:0048869,GO:0050767,GO:0050769,GO:0050770,GO:0050772,GO:0050789,GO:0050793,GO:0050794,GO:0050896,GO:0050920,GO:0050921,GO:0051093,GO:0051094,GO:0051128,GO:0051130,GO:0051169,GO:0051170,GO:0051171,GO:0051172,GO:0051173,GO:0051179,GO:0051234,GO:0051235,GO:0051239,GO:0051240,GO:0051241,GO:0051246,GO:0051247,GO:0051252,GO:0051253,GO:0051270,GO:0051272,GO:0051641,GO:0051649,GO:0051716,GO:0051890,GO:0051892,GO:0051960,GO:0051962,GO:0060026,GO:0060027,GO:0060071,GO:0060255,GO:0060284,GO:0060429,GO:0060562,GO:0060606,GO:0060828,GO:0060840,GO:0060976,GO:0061136,GO:0061387,GO:0065007,GO:0065008,GO:0070593,GO:0070727,GO:0071702,GO:0071705,GO:0071840,GO:0071944,GO:0072175,GO:0072358,GO:0072359,GO:0072594,GO:0080090,GO:0090066,GO:0090090,GO:0090175,GO:0090596,GO:0098930,GO:0099111,GO:0120035,GO:0120036,GO:0198738,GO:1901800,GO:1902667,GO:1902669,GO:1902679,GO:1903050,GO:1903052,GO:1903320,GO:1903322,GO:1903362,GO:1903364,GO:1903506,GO:1903507,GO:1905114,GO:1905207,GO:1905208,GO:1905330,GO:2000026,GO:2000027,GO:2000058,GO:2000060,GO:2000112,GO:2000113,GO:2000690,GO:2000691,GO:2000736,GO:2000737,GO:2001141",ko:K04511,"ko04310,map04310",-,-,"ko00000,ko00001","LIM,PET"
OG0009522,GST,LOC112847941,0.0397482609519672,0.273587520489826,106582.XP_004574529.1,5.81e-20,101,"KOG1721@1|root,KOG1721@2759|Eukaryota,38BZ9@33154|Opisthokonta,3BA9A@33208|Metazoa,3CT35@33213|Bilateria,4824W@7711|Chordata,48YJY@7742|Vertebrata,4A5MU@7898|Actinopterygii",S,Zinc finger protein,-,-,ko:K09228,-,-,-,"ko00000,ko03000","zf-C2H2,zf-C2H2_4,zf-C2H2_6"
OG0010970,GST,LOC100709607,0.0391366992454634,0.273587520489826,106582.XP_004550347.1,0,3016,"COG5069@1|root,KOG0035@2759|Eukaryota,38JIF@33154|Opisthokonta,3BDV5@33208|Metazoa,3CWX6@33213|Bilateria,481GT@7711|Chordata,48X08@7742|Vertebrata,49UIR@7898|Actinopterygii",Z,EH domain binding protein 1-like 1b,EHBP1L1,"GO:0001881,GO:0002790,GO:0003674,GO:0005488,GO:0005515,GO:0005575,GO:0005622,GO:0005623,GO:0005737,GO:0005768,GO:0005769,GO:0006810,GO:0008104,GO:0008150,GO:0008152,GO:0009306,GO:0009987,GO:0010008,GO:0012505,GO:0015031,GO:0015833,GO:0016020,GO:0016192,GO:0016197,GO:0017016,GO:0017137,GO:0019899,GO:0023051,GO:0031090,GO:0031267,GO:0031410,GO:0031901,GO:0031982,GO:0032456,GO:0032940,GO:0033036,GO:0042886,GO:0043112,GO:0043170,GO:0043226,GO:0043227,GO:0043229,GO:0044237,GO:0044260,GO:0044422,GO:0044424,GO:0044433,GO:0044440,GO:0044444,GO:0044446,GO:0044464,GO:0045184,GO:0046903,GO:0046907,GO:0050789,GO:0051020,GO:0051179,GO:0051234,GO:0051641,GO:0051649,GO:0055037,GO:0055038,GO:0065007,GO:0071702,GO:0071704,GO:0071705,GO:0097708,GO:0098588,GO:0098805",ko:K18626,-,-,-,"ko00000,ko04812","CH,DUF3585,NT-C2"
OG0011067,GST,LOC100690313,0.0361644798141276,0.273587520489826,8128.ENSONIP00000021821,0,1068,"KOG2177@1|root,KOG2177@2759|Eukaryota",O,zinc ion binding,-,-,-,-,-,-,-,"PRY,SPRY,zf-B_box,zf-C3HC4_4"
OG0013192,GST,coro1ca,0.0420015930874613,0.273587520489826,106582.XP_004544632.1,0,2019,"COG1985@1|root,KOG0303@2759|Eukaryota,38DGC@33154|Opisthokonta,3BCGZ@33208|Metazoa,3CSIZ@33213|Bilateria,47Z6X@7711|Chordata,48X8N@7742|Vertebrata",Z,positive regulation of lamellipodium morphogenesis,CORO1C,"GO:0000147,GO:0001667,GO:0001755,GO:0001932,GO:0001933,GO:0001952,GO:0001953,GO:0003674,GO:0003779,GO:0005488,GO:0005515,GO:0005575,GO:0005622,GO:0005623,GO:0005856,GO:0005886,GO:0005901,GO:0006469,GO:0006810,GO:0006897,GO:0006909,GO:0006928,GO:0006950,GO:0006952,GO:0006996,GO:0007010,GO:0007154,GO:0007162,GO:0007165,GO:0007275,GO:0007525,GO:0007527,GO:0008092,GO:0008104,GO:0008150,GO:0009605,GO:0009607,GO:0009620,GO:0009888,GO:0009892,GO:0009987,GO:0010563,GO:0010605,GO:0010632,GO:0010633,GO:0010721,GO:0010762,GO:0010769,GO:0010771,GO:0010810,GO:0010812,GO:0014031,GO:0014032,GO:0014033,GO:0015629,GO:0016020,GO:0016043,GO:0016192,GO:0016328,GO:0016477,GO:0016600,GO:0017016,GO:0017048,GO:0019220,GO:0019222,GO:0019899,GO:0022603,GO:0022604,GO:0022607,GO:0023052,GO:0030027,GO:0030029,GO:0030036,GO:0030154,GO:0030155,GO:0030334,GO:0030336,GO:0030865,GO:0030866,GO:0031252,GO:0031267,GO:0031323,GO:0031324,GO:0031344,GO:0031346,GO:0031399,GO:0031400,GO:0032268,GO:0032269,GO:0032501,GO:0032502,GO:0032879,GO:0032991,GO:0033036,GO:0033673,GO:0040011,GO:0040012,GO:0040013,GO:0042325,GO:0042326,GO:0042995,GO:0043085,GO:0043086,GO:0043087,GO:0043207,GO:0043226,GO:0043228,GO:0043229,GO:0043232,GO:0043547,GO:0043549,GO:0044085,GO:0044087,GO:0044092,GO:0044093,GO:0044387,GO:0044396,GO:0044424,GO:0044425,GO:0044459,GO:0044464,GO:0044853,GO:0044877,GO:0045121,GO:0045184,GO:0045595,GO:0045596,GO:0045859,GO:0045936,GO:0048365,GO:0048468,GO:0048513,GO:0048518,GO:0048519,GO:0048522,GO:0048523,GO:0048731,GO:0048762,GO:0048856,GO:0048863,GO:0048864,GO:0048869,GO:0048870,GO:0050789,GO:0050790,GO:0050793,GO:0050794,GO:0050832,GO:0050896,GO:0051015,GO:0051020,GO:0051093,GO:0051094,GO:0051128,GO:0051129,GO:0051130,GO:0051171,GO:0051172,GO:0051174,GO:0051179,GO:0051234,GO:0051239,GO:0051241,GO:0051246,GO:0051248,GO:0051270,GO:0051271,GO:0051336,GO:0051338,GO:0051345,GO:0051348,GO:0051674,GO:0051704,GO:0051707,GO:0051716,GO:0051893,GO:0051895,GO:0060255,GO:0060284,GO:0060485,GO:0060491,GO:0061061,GO:0065007,GO:0065009,GO:0071840,GO:0071944,GO:0080090,GO:0090109,GO:0090630,GO:0098542,GO:0098589,GO:0098590,GO:0098657,GO:0098796,GO:0098797,GO:0098805,GO:0098857,GO:0120025,GO:0120032,GO:0120035,GO:1900024,GO:1900025,GO:1900027,GO:1901888,GO:1901889,GO:1902743,GO:1902745,GO:1903391,GO:1903392,GO:2000145,GO:2000146,GO:2000392,GO:2000394","ko:K13882,ko:K13886","ko04145,ko05152,map04145,map05152",-,-,"ko00000,ko00001,ko04131,ko04147,ko04812","DUF1899,WD40,WD40_4"
OG0014210,GST,LOC100694992,0.0278664618761741,0.273587520489826,32507.XP_006783828.1,0,1327,"COG0664@1|root,KOG0614@2759|Eukaryota,3AH8Y@33154|Opisthokonta,3BA35@33208|Metazoa,3CRYY@33213|Bilateria,47ZK6@7711|Chordata,48YP0@7742|Vertebrata,49VZE@7898|Actinopterygii",T,cGMP-dependent protein kinase,prkg1,-,ko:K07376,"ko04022,ko04270,ko04540,ko04611,ko04713,ko04714,ko04730,ko04740,ko04923,ko04970,map04022,map04270,map04540,map04611,map04713,map04714,map04730,map04740,map04923,map04970",M00694,-,"ko00000,ko00001,ko00002,ko01000,ko01001","PKcGMP_CC,Pkinase,cNMP_binding"
OG0015702,GST,hif1al,0.00102971301203193,0.0422182334933091,8128.ENSONIP00000009775,0,1232,"KOG3558@1|root,KOG3558@2759|Eukaryota,39TIA@33154|Opisthokonta,3BK06@33208|Metazoa,3D4XE@33213|Bilateria,48D5F@7711|Chordata,49A6U@7742|Vertebrata,49XR9@7898|Actinopterygii",K,"Hypoxia-inducible factor 1, alpha subunit, like",-,-,"ko:K08268,ko:K09095,ko:K09096","ko04066,ko04137,ko04140,ko04212,ko04659,ko04919,ko05167,ko05200,ko05205,ko05211,ko05230,ko05231,map04066,map04137,map04140,map04212,map04659,map04919,map05167,map05200,map05205,map05211,map05230,map05231",-,-,"ko00000,ko00001,ko03000,ko04131","HIF-1,PAS,PAS_11,PAS_3"
OG0015749,GST,LOC100698631,0.0326556874585511,0.273587520489826,8128.ENSONIP00000021814,1.1399999999999999e-207,575,"2C3P7@1|root,2QVH7@2759|Eukaryota,391R3@33154|Opisthokonta,3BBBW@33208|Metazoa,3D3WJ@33213|Bilateria,48DSY@7711|Chordata,493JN@7742|Vertebrata,49XR6@7898|Actinopterygii",T,olfactory receptor,-,-,ko:K04257,"ko04740,map04740",-,-,"ko00000,ko00001,ko04030",7tm_4
OG0018196,GST,ccdc146,0.0361271246579556,0.273587520489826,8128.ENSONIP00000021244,0,1656,"28H8C@1|root,2QPM4@2759|Eukaryota,390U9@33154|Opisthokonta,3BH6X@33208|Metazoa,3D2SW@33213|Bilateria,48AEC@7711|Chordata,490PP@7742|Vertebrata,49T0N@7898|Actinopterygii",S,Coiled-coil domain containing 146,CCDC146,"GO:0005575,GO:0005622,GO:0005623,GO:0005737,GO:0005814,GO:0005815,GO:0005856,GO:0015630,GO:0043226,GO:0043228,GO:0043229,GO:0043232,GO:0044422,GO:0044424,GO:0044430,GO:0044444,GO:0044446,GO:0044450,GO:0044464",-,-,-,-,-,-
OG0018301,GST,depdc4,0.0285894864033082,0.273587520489826,8128.ENSONIP00000014393,0,1038,"28PGB@1|root,2QW4D@2759|Eukaryota,397UX@33154|Opisthokonta,3BD31@33208|Metazoa,3D1IJ@33213|Bilateria,4875R@7711|Chordata,493AA@7742|Vertebrata,49ZXH@7898|Actinopterygii",S,DEP domain containing 4,DEPDC4,"GO:0007154,GO:0007165,GO:0008150,GO:0009987,GO:0023052,GO:0050789,GO:0050794,GO:0050896,GO:0051716,GO:0065007",-,-,-,-,-,DEP
OG0020701,GST,LOC100689737,0.00344938494760353,0.0826249624876281,8128.ENSONIP00000001804,3.15e-214,594,"2CN4X@1|root,2QTX6@2759|Eukaryota,39TXP@33154|Opisthokonta,3BEXB@33208|Metazoa,3CRTX@33213|Bilateria,486TT@7711|Chordata,49269@7742|Vertebrata,4A1YP@7898|Actinopterygii",T,Belongs to the G-protein coupled receptor 1 family,-,-,ko:K03916,"ko04020,ko04022,ko04071,ko04080,ko04610,ko04750,ko04810,ko04961,ko05142,ko05200,map04020,map04022,map04071,map04080,map04610,map04750,map04810,map04961,map05142,map05200",-,-,"ko00000,ko00001,ko04030",7tm_1
OG0020987,GST,LOC100696704,0.00470223363750729,0.0826249624876281,106582.XP_004540046.1,2.7799999999999993e-169,481,"2CYBU@1|root,2S3FK@2759|Eukaryota,3A5RH@33154|Opisthokonta,3BSJB@33208|Metazoa,3D9ZS@33213|Bilateria,47ZSU@7711|Chordata,48Z06@7742|Vertebrata,4A4PG@7898|Actinopterygii",T,Immunoglobulin C-Type,TRBV25-1,-,ko:K10785,"ko04014,ko04015,ko04020,ko04064,ko04514,ko04612,ko04658,ko04659,ko04660,ko04672,ko04940,ko05142,ko05144,ko05150,ko05162,ko05166,ko05202,ko05310,ko05320,ko05321,ko05322,ko05323,ko05330,ko05332,ko05416,map04014,map04015,map04020,map04064,map04514,map04612,map04658,map04659,map04660,map04672,map04940,map05142,map05144,map05150,map05162,map05166,map05202,map05310,map05320,map05321,map05322,map05323,map05330,map05332,map05416",-,-,"ko00000,ko00001","C1-set,V-set"
OG0022579,GST,LOC100711798,0.0410848432119324,0.273587520489826,106582.XP_004574903.1,2.5399999999999998e-214,629,"2CN5P@1|root,2QU05@2759|Eukaryota,39ZT2@33154|Opisthokonta,3BNCM@33208|Metazoa,3D6R8@33213|Bilateria,48CG0@7711|Chordata,49AVM@7742|Vertebrata,4A33G@7898|Actinopterygii",S,Belongs to the MHC class I family,-,-,ko:K06751,"ko04144,ko04145,ko04218,ko04514,ko04612,ko04940,ko05165,ko05166,ko05167,ko05168,ko05169,ko05203,ko05320,ko05330,ko05332,ko05416,map04144,map04145,map04218,map04514,map04612,map04940,map05165,map05166,map05167,map05168,map05169,map05203,map05320,map05330,map05332,map05416",-,-,"ko00000,ko00001,ko00537,ko04147,ko04516","C1-set,MHC_I"
OG0025622,GST,LOC100694728,0.00396857467005809,0.0826249624876281,8128.ENSONIP00000000395,0,1107,"KOG2177@1|root,KOG2177@2759|Eukaryota,38CKF@33154|Opisthokonta",O,PRY,-,-,-,-,-,-,-,"PRY,SPRY,zf-B_box,zf-C3HC4_4"
